Gene_ID	BHI1	BHI2	BHI3	Serum1	Serum2	Serum3
AENJPLPP_00001	226	207	204	137	121	153
AENJPLPP_00003	3165	3101	2778	1336	1612	1548
AENJPLPP_00004	865	814	675	308	428	323
AENJPLPP_00005	2763	2581	2538	2216	2561	2449
AENJPLPP_00006	1846	1701	1567	1911	2185	1995
AENJPLPP_00007	953	1048	1002	1101	1254	1130
AENJPLPP_00008	211	176	155	117	121	136
AENJPLPP_00009	135	167	171	92	83	91
AENJPLPP_00010	17751	18516	16882	23411	34751	25773
AENJPLPP_00011	3232	3117	2887	2006	2492	2132
AENJPLPP_00012	1348	1507	1351	1670	2040	1851
AENJPLPP_00013	1428	1408	1165	1801	2204	1979
AENJPLPP_00014	2223	1870	1873	2437	2855	2490
AENJPLPP_00015	9109	8907	7883	11993	14761	12881
AENJPLPP_00016	37908	43819	40096	35997	42803	38057
AENJPLPP_00017	14	3	14	6	2	11
AENJPLPP_00018	64	54	60	118	144	137
AENJPLPP_00019	2	0	0	5	8	3
AENJPLPP_00020	10	26	24	8	9	6
AENJPLPP_00021	26	35	32	59	98	63
AENJPLPP_00022	1304	1559	1617	13594	13946	12982
AENJPLPP_00023	16	36	36	29	28	26
AENJPLPP_00024	2233	2533	1891	16107	15676	13284
AENJPLPP_00025	4712	4647	4151	2019	2292	2131
AENJPLPP_00026	1302	1342	1379	1185	1452	1305
AENJPLPP_00027	8	7	6	8	9	16
AENJPLPP_00028	200	220	218	474	575	494
AENJPLPP_00029	333	366	296	907	1081	1005
AENJPLPP_00030	0	0	0	0	0	0
AENJPLPP_00031	24	32	18	46	27	41
AENJPLPP_00032	10440	10181	9451	21887	25927	22546
AENJPLPP_00034	979	1034	962	414	422	410
AENJPLPP_00035	3720	3988	3447	5822	5941	6003
AENJPLPP_00036	1806	2266	1906	1667	2028	1685
AENJPLPP_00037	453	481	422	429	436	442
AENJPLPP_00038	2158	2309	1945	1762	1827	1753
AENJPLPP_00039	488	534	528	3346	3532	2887
AENJPLPP_00040	916	922	798	2706	3211	3029
AENJPLPP_00041	849	659	579	2603	3044	3020
AENJPLPP_00042	31	43	36	145	218	183
AENJPLPP_00043	145	155	173	479	526	466
AENJPLPP_00044	2336	2339	2211	9590	10808	10280
AENJPLPP_00045	666	821	657	2513	3220	3001
AENJPLPP_00046	1088	1148	1051	3999	5251	4163
AENJPLPP_00047	969	1033	756	4066	4440	4244
AENJPLPP_00048	284	271	275	1125	1590	1146
AENJPLPP_00049	129	140	101	392	527	454
AENJPLPP_00050	200	188	165	495	577	520
AENJPLPP_00051	740	829	644	1922	1981	1937
AENJPLPP_00052	355	372	357	816	1049	933
AENJPLPP_00053	244	337	307	589	785	717
AENJPLPP_00054	24	22	24	67	55	53
AENJPLPP_00055	5	8	15	24	39	32
AENJPLPP_00056	1035	1024	942	2994	3848	3638
AENJPLPP_00057	114	135	121	382	531	446
AENJPLPP_00058	1204	1252	1119	495	616	506
AENJPLPP_00059	902	840	801	3441	3713	3736
AENJPLPP_00060	1774	1733	1524	1711	2049	1651
AENJPLPP_00061	168	169	127	128	139	119
AENJPLPP_00062	140	119	88	140	116	122
AENJPLPP_00063	167	195	175	131	172	175
AENJPLPP_00064	260	229	179	224	244	274
AENJPLPP_00065	610	608	529	716	771	755
AENJPLPP_00066	474	587	467	434	578	556
AENJPLPP_00067	524	570	488	393	564	553
AENJPLPP_00068	1267	1347	1178	1325	1563	1428
AENJPLPP_00069	94	102	68	104	102	111
AENJPLPP_00070	165	293	244	164	186	254
AENJPLPP_00071	39	48	43	22	46	37
AENJPLPP_00072	176	199	164	172	171	209
AENJPLPP_00073	310	270	252	283	325	299
AENJPLPP_00074	401	387	323	398	540	578
AENJPLPP_00075	1019	654	647	558	688	640
AENJPLPP_00076	245	192	174	129	189	176
AENJPLPP_00077	1194	1178	998	991	1184	1148
AENJPLPP_00078	2	5	3	4	6	4
AENJPLPP_00079	2	0	0	0	0	2
AENJPLPP_00080	3	4	2	10	8	7
AENJPLPP_00081	60	50	38	26	54	65
AENJPLPP_00082	43	33	36	46	49	65
AENJPLPP_00083	35	18	27	20	32	26
AENJPLPP_00084	43	41	40	48	47	48
AENJPLPP_00085	392	445	346	284	335	262
AENJPLPP_00086	6	17	19	4	28	16
AENJPLPP_00087	0	0	2	1	0	2
AENJPLPP_00088	83	93	73	27	33	32
AENJPLPP_00089	15	18	13	14	22	16
AENJPLPP_00090	135	154	124	56	63	68
AENJPLPP_00091	4	1	4	16	10	390
AENJPLPP_00092	31975	34275	28920	11321	13127	12524
AENJPLPP_00093	433	348	310	4002	3673	3510
AENJPLPP_00094	3201	4022	4079	385	516	443
AENJPLPP_00095	4426	4202	3826	507	656	560
AENJPLPP_00096	1077	1067	1001	11992	14463	13542
AENJPLPP_00097	631	656	581	790	953	767
AENJPLPP_00098	203	191	208	316	401	409
AENJPLPP_00099	386	391	363	508	614	512
AENJPLPP_00100	1375	1272	1165	550	653	612
AENJPLPP_00101	1311	1126	1032	515	646	545
AENJPLPP_00102	4566	3947	3242	855	1122	1001
AENJPLPP_00103	15800	13634	12033	2951	3625	3024
AENJPLPP_00104	3867	3282	3385	1909	2328	1799
AENJPLPP_00105	309	346	272	626	696	578
AENJPLPP_00106	1148	998	992	2442	2810	2501
AENJPLPP_00107	1945	2350	2541	9412	12436	9820
AENJPLPP_00108	10614	10683	9299	8390	8787	9066
AENJPLPP_00109	14766	15485	12402	10431	10901	11071
AENJPLPP_00110	4244	4390	3602	2260	2553	2472
AENJPLPP_00111	2489	2686	2617	537	566	470
AENJPLPP_00112	1625	1595	1708	419	455	431
AENJPLPP_00113	4644	4440	3630	767	955	788
AENJPLPP_00114	10164	9694	8634	2140	2548	2173
AENJPLPP_00115	1471	1381	1201	424	506	506
AENJPLPP_00116	13825	15471	13076	6911	7666	8378
AENJPLPP_00117	8785	7933	6801	2122	2308	2388
AENJPLPP_00118	2387	1961	1905	371	411	390
AENJPLPP_00119	27229	28820	23972	187409	219476	204382
AENJPLPP_00120	38	43	26	20	39	40
AENJPLPP_00121	2	1	0	2	1	0
AENJPLPP_00122	62	47	52	26	42	46
AENJPLPP_00123	2955	3204	2935	2503	2689	2601
AENJPLPP_00124	99207	108550	101793	12379	14669	12708
AENJPLPP_00125	124280	119060	104475	21832	24253	22135
AENJPLPP_00126	15919	14920	12554	4456	5505	4808
AENJPLPP_00127	9097	7660	7201	6455	7441	6561
AENJPLPP_00128	6541	6822	6183	2247	2620	2357
AENJPLPP_00129	2024	2138	2169	810	1071	959
AENJPLPP_00130	11099	9712	9052	5638	6700	5870
AENJPLPP_00131	30128	26392	23103	16238	17770	16191
AENJPLPP_00132	23113	22820	20508	13885	16107	14407
AENJPLPP_00133	11362	12510	11527	2438	2840	2583
AENJPLPP_00134	29225	30320	27764	7602	8509	7870
AENJPLPP_00135	6454	6136	5752	1663	2177	1904
AENJPLPP_00136	11458	9926	8522	2849	3105	3099
AENJPLPP_00137	46358	43275	40915	18912	21021	19714
AENJPLPP_00138	15387	17304	13582	9690	11717	10965
AENJPLPP_00139	421	433	348	1775	2064	1889
AENJPLPP_00140	1520	1490	1325	7483	8166	7628
AENJPLPP_00141	639	743	590	3451	3980	3604
AENJPLPP_00142	2117	1718	1550	565	658	695
AENJPLPP_00143	3401	3172	2938	671	817	874
AENJPLPP_00144	2131	1993	2026	10438	12370	10692
AENJPLPP_00145	1277	1159	1128	8862	9949	9031
AENJPLPP_00146	116	131	142	746	826	769
AENJPLPP_00147	176	253	198	723	829	745
AENJPLPP_00148	130	146	139	107	106	99
AENJPLPP_00149	457	548	459	529	683	609
AENJPLPP_00150	1058	1218	1036	1017	1096	1139
AENJPLPP_00151	350	349	299	3098	2926	3279
AENJPLPP_00152	295	221	216	107	139	179
AENJPLPP_00153	1942	1631	1413	1580	1930	1628
AENJPLPP_00154	14484	15771	14014	2653	3028	2920
AENJPLPP_00155	15005	15384	13953	2976	3048	2932
AENJPLPP_00156	73644	78423	68884	23491	26509	24219
AENJPLPP_00157	16173	13100	11665	3727	4163	3867
AENJPLPP_00158	23	19	21	2	8	3
AENJPLPP_00159	40790	38816	35073	17655	20825	18314
AENJPLPP_00160	58933	60349	57199	24140	26965	26286
AENJPLPP_00161	4939	4961	4397	7633	8498	7872
AENJPLPP_00162	8646	8078	7171	13603	15997	14536
AENJPLPP_00163	16895	16774	15665	5793	6994	6136
AENJPLPP_00164	16699	17962	15211	6724	7611	6658
AENJPLPP_00165	5727	5825	5108	6927	7411	7003
AENJPLPP_00166	9536	10031	8828	10593	11852	10851
AENJPLPP_00167	4307	4566	4385	4597	5649	5102
AENJPLPP_00168	55	48	58	80	78	105
AENJPLPP_00169	76	85	84	104	145	124
AENJPLPP_00170	279	250	267	717	874	707
AENJPLPP_00171	0	1	4	6	10	9
AENJPLPP_00172	241	218	192	278	296	288
AENJPLPP_00173	56	39	50	366	360	444
AENJPLPP_00174	61	53	45	441	538	457
AENJPLPP_00175	39	42	27	189	202	215
AENJPLPP_00176	2889	2950	2412	4470	4887	4639
AENJPLPP_00177	14802	12709	12001	9443	10562	9677
AENJPLPP_00178	6980	5740	5348	9999	12306	11186
AENJPLPP_00179	18385	16356	14648	26307	27972	25841
AENJPLPP_00180	21327	18485	16194	25753	30066	27818
AENJPLPP_00181	37408	37402	34610	12899	15108	15636
AENJPLPP_00182	1669	1478	1483	1660	1920	1660
AENJPLPP_00183	5882	5337	4817	9583	10854	9980
AENJPLPP_00184	2261	2187	1994	3469	4631	4089
AENJPLPP_00185	1845	1844	1731	702	756	709
AENJPLPP_00186	87544	90766	80836	16252	19248	17633
AENJPLPP_00187	50209	50072	43309	36631	42843	41899
AENJPLPP_00188	9815	9350	8457	4393	5054	4559
AENJPLPP_00189	1432	1303	1195	8816	9636	9145
AENJPLPP_00190	80	88	77	2609	2803	2559
AENJPLPP_00191	36	43	42	540	441	525
AENJPLPP_00192	23406	24663	19688	417	505	472
AENJPLPP_00193	34418	43818	32746	381	549	559
AENJPLPP_00194	33137	34309	32021	583	717	645
AENJPLPP_00195	3415	3422	3046	2032	2508	2147
AENJPLPP_00196	11475	11403	10209	6844	7714	7251
AENJPLPP_00197	12314	10676	9533	6540	7330	6765
AENJPLPP_00198	6852	5473	4884	2617	3537	3047
AENJPLPP_00199	11643	10216	9540	5764	7425	6634
AENJPLPP_00200	19635	16661	15623	14676	16736	15091
AENJPLPP_00201	35823	31372	26709	24751	28374	27308
AENJPLPP_00202	11371	11194	9747	1837	2036	1900
AENJPLPP_00203	232	233	303	52	57	70
AENJPLPP_00204	2903	2603	2665	921	1105	1020
AENJPLPP_00205	585	474	390	994	1172	1183
AENJPLPP_00206	319	385	280	196	200	199
AENJPLPP_00207	174	137	123	175	177	155
AENJPLPP_00208	160	157	161	225	250	226
AENJPLPP_00209	4184	4095	3615	1037	1213	1085
AENJPLPP_00210	4833	4356	3970	1511	1918	1724
AENJPLPP_00211	7249	7012	5903	2483	2788	2417
AENJPLPP_00212	6355	6435	5768	2240	2702	2492
AENJPLPP_00213	8300	7495	6988	2482	3042	2552
AENJPLPP_00214	1577	1773	1627	492	590	500
AENJPLPP_00215	7105	7008	5795	1785	2209	1877
AENJPLPP_00216	119	120	117	145	137	143
AENJPLPP_00217	41	34	33	71	66	68
AENJPLPP_00218	52	85	86	149	165	192
AENJPLPP_00219	199	221	192	91	83	85
AENJPLPP_00220	90	79	94	61	55	83
AENJPLPP_00221	43	39	60	27	56	46
AENJPLPP_00222	85	104	83	139	136	151
AENJPLPP_00223	173	166	154	155	168	151
AENJPLPP_00224	58	45	49	55	65	59
AENJPLPP_00225	1652	1697	1556	1083	1442	1288
AENJPLPP_00226	1155	1093	1025	719	799	764
AENJPLPP_00227	2427	2731	2256	1448	1605	1436
AENJPLPP_00228	2194	2272	1920	1060	1098	994
AENJPLPP_00229	2931	3032	2681	1086	1220	1260
AENJPLPP_00230	65852	64950	58945	14702	16792	15184
AENJPLPP_00231	1472	1375	1372	139	180	127
AENJPLPP_00232	5	2	1	0	0	0
AENJPLPP_00233	2701	2519	2180	2969	3571	2781
AENJPLPP_00234	2184	1900	1654	4116	4538	4161
AENJPLPP_00235	7646	7809	6744	5377	5904	5706
AENJPLPP_00236	3813	4322	3428	2645	3077	2741
AENJPLPP_00237	3532	3243	2841	2082	2516	2147
AENJPLPP_00238	26670	27878	25754	10150	12042	10592
AENJPLPP_00239	4019	4599	4100	5049	6367	5473
AENJPLPP_00240	13085	14016	11718	20249	24924	22630
AENJPLPP_00241	10717	11057	9694	9381	11305	9754
AENJPLPP_00242	3958	3783	3417	5706	5914	5406
AENJPLPP_00243	1315	1119	1034	1873	1918	1714
AENJPLPP_00244	4253	4279	4080	21274	23250	19482
AENJPLPP_00245	2009	1973	1840	4187	4898	4276
AENJPLPP_00246	7116	8186	7399	12167	14553	13030
AENJPLPP_00247	1320	1368	1123	1675	2097	1955
AENJPLPP_00248	7462	7282	6492	13293	15003	14133
AENJPLPP_00249	5296	5821	4659	11124	12640	11817
AENJPLPP_00250	0	0	1	0	2	0
AENJPLPP_00251	868	904	834	790	808	666
AENJPLPP_00252	113	122	105	100	126	95
AENJPLPP_00253	665	664	600	551	647	574
AENJPLPP_00254	1760	1914	1667	2147	2404	2343
AENJPLPP_00255	4678	4807	3961	1132	1302	1423
AENJPLPP_00256	1095	1042	948	374	442	379
AENJPLPP_00257	2068	2327	1993	689	895	807
AENJPLPP_00258	6827	6699	6221	3964	4236	4202
AENJPLPP_00259	1244	1374	1249	1456	1903	1747
AENJPLPP_00260	2034	1883	1673	3150	3092	3030
AENJPLPP_00261	2935	2927	2811	4279	5034	4213
AENJPLPP_00262	15039	15201	13390	8399	9738	8730
AENJPLPP_00263	152	138	167	30	40	34
AENJPLPP_00264	4	4	6	8	15	11
AENJPLPP_00265	5	3	2	3	5	2
AENJPLPP_00266	943	1151	913	3455	3899	3687
AENJPLPP_00267	338	423	349	526	593	511
AENJPLPP_00268	858	726	709	16333	18759	17351
AENJPLPP_00269	54	28	37	17	12	21
AENJPLPP_00270	70	40	48	50	40	42
AENJPLPP_00271	10	7	10	5	19	10
AENJPLPP_00272	5	12	14	7	8	3
AENJPLPP_00273	39	34	34	42	52	42
AENJPLPP_00274	0	3	0	0	2	126
AENJPLPP_00275	40	40	38	35	36	38
AENJPLPP_00276	11	33	17	38	33	26
AENJPLPP_00277	2755	3172	2931	394	532	491
AENJPLPP_00278	1375	954	722	4690	5144	4949
AENJPLPP_00279	112	98	84	293	362	314
AENJPLPP_00280	121	131	122	301	347	325
AENJPLPP_00281	604	710	630	1290	1520	1425
AENJPLPP_00282	15	14	11	20	12	16
AENJPLPP_00283	436	532	466	66	76	65
AENJPLPP_00284	66	72	84	32	38	35
AENJPLPP_00285	87	75	58	75	86	90
AENJPLPP_00286	567	475	462	754	721	788
AENJPLPP_00287	670	676	650	289	348	335
AENJPLPP_00288	24	8	8	34	40	33
AENJPLPP_00289	2	4	2	21	29	30
AENJPLPP_00290	0	1	0	6	10	3
AENJPLPP_00291	4	1	4	4	2	1
AENJPLPP_00292	0	0	0	2	6	0
AENJPLPP_00293	4	8	4	4	4	4
AENJPLPP_00294	4	6	9	4	4	2
AENJPLPP_00295	2	8	3	3	3	2
AENJPLPP_00296	8	0	3	2	0	0
AENJPLPP_00297	12	4	6	4	11	4
AENJPLPP_00298	38	30	27	22	26	22
AENJPLPP_00299	33	25	31	13	17	18
AENJPLPP_00300	457	529	602	526	696	586
AENJPLPP_00301	25235	30347	28798	14008	19847	17117
AENJPLPP_00302	4	10	9	7	13	6
AENJPLPP_00303	335	392	340	527	624	603
AENJPLPP_00304	611	609	590	668	798	772
AENJPLPP_00305	384	484	479	548	690	566
AENJPLPP_00306	391	303	334	548	496	490
AENJPLPP_00308	133	173	165	4385	4573	4359
AENJPLPP_00309	199	194	155	3211	3489	3405
AENJPLPP_00310	93	100	78	13521	14463	14080
AENJPLPP_00311	74	74	52	9033	9448	9202
AENJPLPP_00312	12	10	12	986	1174	920
AENJPLPP_00313	96	78	86	13680	13665	12721
AENJPLPP_00314	317	291	190	38851	35564	35659
AENJPLPP_00315	1047	871	920	10023	9847	9669
AENJPLPP_00316	3199	3097	2678	53474	50583	49281
AENJPLPP_00317	455	523	479	5566	5924	5771
AENJPLPP_00318	276	389	308	40	36	46
AENJPLPP_00319	145	158	148	43	75	62
AENJPLPP_00320	298	251	254	174	155	145
AENJPLPP_00321	62	39	56	56	91	48
AENJPLPP_00322	3274	3027	2738	24782	24136	23530
AENJPLPP_00323	1516	1331	1010	11593	11438	11357
AENJPLPP_00324	2627	3193	2708	21318	24209	21208
AENJPLPP_00325	391	362	386	2976	3158	2866
AENJPLPP_00326	4	0	2	1	0	0
AENJPLPP_00327	89	68	108	16	18	32
AENJPLPP_00328	86	91	101	16	22	16
AENJPLPP_00329	127	148	124	20	55	37
AENJPLPP_00330	88	100	71	52	47	30
AENJPLPP_00331	10793	10849	9048	1050	1194	1103
AENJPLPP_00332	578	642	526	145	161	132
AENJPLPP_00333	1341	1164	927	248	229	190
AENJPLPP_00334	7635	8287	7007	2023	2199	2122
AENJPLPP_00335	645	816	784	151	203	170
AENJPLPP_00336	585	461	470	651	785	712
AENJPLPP_00337	398	395	369	431	493	464
AENJPLPP_00338	10677	9548	8558	12914	14594	13371
AENJPLPP_00339	114659	113743	101382	150643	172316	151606
AENJPLPP_00340	957	1029	949	859	1046	1016
AENJPLPP_00341	275	344	307	152	248	205
AENJPLPP_00342	1171	1310	1185	1577	1859	1732
AENJPLPP_00343	686	725	648	249	246	265
AENJPLPP_00344	37067	42932	35192	1337	1561	1319
AENJPLPP_00345	11698	13003	11480	285	406	388
AENJPLPP_00346	365	466	373	235	294	354
AENJPLPP_00347	499	615	500	126	104	108
AENJPLPP_00348	212	257	192	60	66	65
AENJPLPP_00349	701	734	636	139	157	107
AENJPLPP_00350	214	260	267	138	176	118
AENJPLPP_00351	314	314	260	118	170	169
AENJPLPP_00352	1878	1689	1523	287	318	276
AENJPLPP_00353	2081	2237	1875	1252	1451	1308
AENJPLPP_00354	239	272	200	535	581	490
AENJPLPP_00355	131	153	116	178	183	136
AENJPLPP_00356	375	405	385	1024	1421	1234
AENJPLPP_00357	40	28	30	130	143	175
AENJPLPP_00358	145	118	94	1709	1820	2360
AENJPLPP_00359	18	32	18	123	169	191
AENJPLPP_00360	8	15	24	16	13	13
AENJPLPP_00361	40	52	43	4	9	3
AENJPLPP_00362	13704	15157	13667	2234	2594	2548
AENJPLPP_00363	5611	5503	5073	4318	4751	4358
AENJPLPP_00364	12706	12825	10834	10339	12224	11252
AENJPLPP_00365	4332	3968	3737	8048	8662	6823
AENJPLPP_00366	1492	1470	1281	3269	3932	2929
AENJPLPP_00367	850	683	540	1911	2380	1980
AENJPLPP_00368	553	650	618	269	353	287
AENJPLPP_00369	2045	1979	1832	1708	1908	1779
AENJPLPP_00370	1525	1598	1503	1348	1504	1379
AENJPLPP_00371	1790	1872	1643	65	87	65
AENJPLPP_00372	6675	7231	6673	619	736	656
AENJPLPP_00373	10914	11244	10552	904	1164	1025
AENJPLPP_00374	3851	3843	4130	447	603	501
AENJPLPP_00375	4195	4755	4224	4133	4744	4468
AENJPLPP_00376	6178	6626	6391	7099	7951	6872
AENJPLPP_00377	1244	1487	1260	346	415	427
AENJPLPP_00378	1989	2083	1708	508	616	640
AENJPLPP_00379	2180	2063	2031	717	830	689
AENJPLPP_00380	5869	7518	6418	802	919	874
AENJPLPP_00381	851	725	787	75	83	96
AENJPLPP_00382	13216	13053	12960	1909	2271	1992
AENJPLPP_00383	8248	8577	7526	1076	1207	992
AENJPLPP_00384	3274	3827	2814	1819	2038	1918
AENJPLPP_00385	9654	10309	9365	9271	10310	9250
AENJPLPP_00386	3849	3930	3348	7779	8685	7971
AENJPLPP_00387	1831	1720	1571	6350	7938	6715
AENJPLPP_00388	3052	2947	2624	8696	10193	9628
AENJPLPP_00389	3324	3988	3261	5361	7227	6256
AENJPLPP_00390	2870	2680	2472	7603	8616	8012
AENJPLPP_00391	692	693	595	2367	2917	2613
AENJPLPP_00392	995	1006	852	40973	42507	40242
AENJPLPP_00393	663	704	583	1052	1152	1037
AENJPLPP_00394	616	658	633	718	985	958
AENJPLPP_00395	475	516	390	40	42	42
AENJPLPP_00396	49	58	57	4	3	5
AENJPLPP_00397	81	94	66	10	10	5
AENJPLPP_00398	456	517	447	556	619	564
AENJPLPP_00399	128	114	141	18	24	14
AENJPLPP_00400	12	9	20	3	6	4
AENJPLPP_00401	17	22	16	5	9	8
AENJPLPP_00402	171	138	125	56	56	58
AENJPLPP_00403	43	28	39	29	35	19
AENJPLPP_00404	28	26	40	31	16	16
AENJPLPP_00405	89	138	116	88	104	77
AENJPLPP_00406	41	32	28	8	10	11
AENJPLPP_00407	945	1117	1135	176	209	206
AENJPLPP_00408	6786	6742	6097	1553	2018	1568
AENJPLPP_00409	8467	7975	7759	2591	2886	2753
AENJPLPP_00410	337	333	268	7639	7640	8849
AENJPLPP_00411	34	46	24	197	247	319
AENJPLPP_00412	104	108	96	250	205	269
AENJPLPP_00413	325	293	259	147	152	133
AENJPLPP_00414	52	59	66	7	24	29
AENJPLPP_00415	6	8	2	0	2	0
AENJPLPP_00416	0	1	0	0	1	0
AENJPLPP_00417	8823	8896	8248	11332	14636	12702
AENJPLPP_00418	95	127	108	245	329	295
AENJPLPP_00419	608	643	612	1019	1335	1152
AENJPLPP_00420	1948	1436	1343	365	485	354
AENJPLPP_00421	13169	11568	10828	3047	3459	3141
AENJPLPP_00422	4062	3544	3175	5030	6030	15080
AENJPLPP_00423	9432	9324	7726	5272	6928	6082
AENJPLPP_00424	1699	1590	1387	790	1069	1023
AENJPLPP_00425	1703	2023	1788	7650	8771	8547
AENJPLPP_00426	1098	1068	990	5090	6021	5789
AENJPLPP_00427	2094	2205	2002	14279	16916	15949
AENJPLPP_00428	1086	1212	1061	1051	1377	1128
AENJPLPP_00429	3	6	2	4	8	5
AENJPLPP_00430	13562	13073	11584	17287	19283	18494
AENJPLPP_00431	7892	7954	7208	7546	7666	7102
AENJPLPP_00432	4648	4804	4152	4446	4558	4376
AENJPLPP_00433	2681	3048	2377	2607	3064	2729
AENJPLPP_00434	2165	2041	1782	3631	4183	5139
AENJPLPP_00435	2053	1991	1797	2701	3381	4094
AENJPLPP_00436	1200	1104	1013	2089	2501	2824
AENJPLPP_00437	652	576	471	1170	1150	1550
AENJPLPP_00438	838	978	893	2301	2406	2945
AENJPLPP_00439	6648	6574	6037	14679	16346	21130
AENJPLPP_00440	2002	2141	1859	4673	5703	7583
AENJPLPP_00441	1481	1601	1382	3427	3872	5249
AENJPLPP_00442	1297	1374	1278	2758	3100	4342
AENJPLPP_00443	1713	1680	1536	2730	3231	4399
AENJPLPP_00444	984	1037	892	2297	2654	3615
AENJPLPP_00445	7818	8528	7715	8703	9713	9117
AENJPLPP_00446	2678	2580	2247	3314	3821	3643
AENJPLPP_00447	1170	1452	1362	1703	1971	1723
AENJPLPP_00448	3835	3463	2842	4308	4650	4721
AENJPLPP_00449	4149	3712	3467	38658	47937	40503
AENJPLPP_00450	3319	3405	3192	6537	7424	6547
AENJPLPP_00451	3523	3448	2878	2710	3266	3010
AENJPLPP_00452	269	224	171	117	148	130
AENJPLPP_00453	3517	3569	3071	3259	3602	3283
AENJPLPP_00454	3097	3351	2889	3279	4055	3767
AENJPLPP_00455	47591	48300	43990	8865	10652	9628
AENJPLPP_00456	338	350	347	504	524	502
AENJPLPP_00457	24518	24300	21715	11164	38491	11833
AENJPLPP_00458	4158	4577	4071	3634	4350	3998
AENJPLPP_00459	56	78	65	99	153	119
AENJPLPP_00460	84	109	68	50	48	51
AENJPLPP_00461	74	63	83	76	77	84
AENJPLPP_00462	105	152	133	87	115	92
AENJPLPP_00463	28	47	30	33	35	39
AENJPLPP_00464	2305	2190	1970	1623	1827	1684
AENJPLPP_00465	15239	15681	13927	14477	16407	14600
AENJPLPP_00466	16799	16476	14869	9642	11062	9957
AENJPLPP_00467	10092	12826	11927	7494	9264	8598
AENJPLPP_00468	1751	1845	1484	790	932	966
AENJPLPP_00469	1889	1887	1893	488	670	579
AENJPLPP_00470	24069	22845	19849	9416	11531	10288
AENJPLPP_00471	4	3	5	12	9	12
AENJPLPP_00472	113	190	151	16	31	20
AENJPLPP_00473	3829	3380	2937	4048	4506	4214
AENJPLPP_00474	3100	3379	2959	2035	2439	2038
AENJPLPP_00475	46	60	69	18	26	16
AENJPLPP_00476	251	323	279	393	456	348
AENJPLPP_00477	1852	1776	1406	8373	8864	8254
AENJPLPP_00478	11192	11300	9637	15506	16562	16502
AENJPLPP_00479	2948	2918	3163	2035	2269	1935
AENJPLPP_00480	8867	9149	7261	24141	26814	24981
AENJPLPP_00481	1909	1711	1674	456	515	576
AENJPLPP_00482	14	13	18	36	42	50
AENJPLPP_00483	62605	56047	50547	129766	146259	140556
AENJPLPP_00484	2342	3145	3279	2212	3006	2333
AENJPLPP_00485	5003	4739	4568	3720	4512	3902
AENJPLPP_00486	521	442	518	6069	7208	7043
AENJPLPP_00487	15897	14242	13471	2405	2871	2628
AENJPLPP_00488	38209	36433	31901	7816	8780	8345
AENJPLPP_00489	2335	2109	1951	3776	3665	3398
AENJPLPP_00490	3264	3077	2667	2858	3456	3171
AENJPLPP_00491	4405	4326	3829	2031	2310	2229
AENJPLPP_00492	9196	8046	7327	16489	18514	17109
AENJPLPP_00493	29675	23765	21284	8580	9869	9342
AENJPLPP_00494	8386	8936	7836	51165	57058	53804
AENJPLPP_00495	5936	5702	5081	1078	1264	1049
AENJPLPP_00496	44	36	39	50	43	59
AENJPLPP_00497	1863	1971	1645	1335	1589	1404
AENJPLPP_00498	7399	6413	5350	1260	1513	1381
AENJPLPP_00499	18085	16638	15185	1398	1720	1426
AENJPLPP_00500	25351	29667	25480	1647	2216	1800
AENJPLPP_00501	10416	11149	9854	6973	7565	7287
AENJPLPP_00502	1919	1986	2020	616	733	771
AENJPLPP_00503	3845	3854	3569	1922	2099	1878
AENJPLPP_00504	938	974	930	543	689	507
AENJPLPP_00505	8580	8554	7653	4199	4683	4141
AENJPLPP_00506	2821	3137	2736	799	985	816
AENJPLPP_00507	2783	2607	2470	1757	2089	2046
AENJPLPP_00508	2476	2244	2016	1267	1555	1398
AENJPLPP_00509	14059	12551	10761	9081	9549	9252
AENJPLPP_00510	8335	9104	8010	6773	7947	7646
AENJPLPP_00511	9271	8573	8068	2081	2561	2408
AENJPLPP_00512	30509	29997	26309	6810	7805	7450
AENJPLPP_00513	12644	12990	11532	1474	1709	1441
AENJPLPP_00514	6827	6710	6456	9389	11312	9695
AENJPLPP_00515	17781	18299	16324	20907	22968	21793
AENJPLPP_00516	10256	10592	8983	12722	14504	13717
AENJPLPP_00517	4281	4955	4423	4641	5694	5086
AENJPLPP_00518	0	2	3	0	0	0
AENJPLPP_00519	4432	4568	4729	2237	2596	2272
AENJPLPP_00520	8631	9923	8430	3647	4687	4031
AENJPLPP_00521	873	1200	1068	141	179	186
AENJPLPP_00522	885	906	871	1665	1861	1786
AENJPLPP_00523	583	692	612	821	1016	1016
AENJPLPP_00524	748	773	662	408	415	415
AENJPLPP_00525	1896	1597	1485	8888	9692	9115
AENJPLPP_00527	1811	1424	1183	1056	1137	1223
AENJPLPP_00528	325	253	217	45608	58788	46345
AENJPLPP_00529	1533	1244	950	2566	2922	2627
AENJPLPP_00530	2424	2397	2119	4276	5035	4546
AENJPLPP_00531	57	77	72	27	23	16
AENJPLPP_00532	382	332	326	3333	3885	3455
AENJPLPP_00533	167	174	147	1537	1750	1631
AENJPLPP_00534	472	548	418	3203	3047	3050
AENJPLPP_00535	2401	2735	2405	6238	8277	7529
AENJPLPP_00537	346	320	298	449	524	449
AENJPLPP_00538	5205	5166	4644	11712	15526	13813
AENJPLPP_00539	2541	2382	2114	1074	1287	1053
AENJPLPP_00540	3252	3455	3093	2576	3124	2725
AENJPLPP_00541	4537	4516	4109	5268	5989	5784
AENJPLPP_00542	2963	3695	3305	2526	3421	2800
AENJPLPP_00543	1689	1575	1539	2301	2742	2525
AENJPLPP_00544	2720	3163	3213	718	1026	830
AENJPLPP_00545	9649	10756	9394	1677	1935	1753
AENJPLPP_00546	1305	1445	1359	419	530	500
AENJPLPP_00547	1851	1665	1553	488	500	504
AENJPLPP_00548	20406	22347	20554	2741	3947	3712
AENJPLPP_00549	2626	2559	2376	3216	3625	3225
AENJPLPP_00550	695	780	695	1741	2114	1772
AENJPLPP_00551	1273	1158	1114	708	971	830
AENJPLPP_00552	569	594	520	270	326	303
AENJPLPP_00553	403	369	383	198	221	180
AENJPLPP_00554	151	129	132	61	62	76
AENJPLPP_00555	6276	6226	5449	4056	4738	4521
AENJPLPP_00556	1695	1785	1632	1314	1631	1389
AENJPLPP_00557	2577	2731	2327	1429	1666	1525
AENJPLPP_00558	5641	6123	4967	6117	7267	6592
AENJPLPP_00559	4120	3791	3466	3869	4631	4111
AENJPLPP_00560	9265	9613	8709	7831	8776	7867
AENJPLPP_00561	50876	44115	40850	32455	37768	33012
AENJPLPP_00562	13550	13489	11798	8182	9123	8297
AENJPLPP_00563	2653	2719	2286	1731	2245	2000
AENJPLPP_00564	6630	6578	6007	3251	3658	3588
AENJPLPP_00565	50275	51774	47330	14404	16699	14828
AENJPLPP_00566	3226	2854	2474	1458	1704	1585
AENJPLPP_00567	955	912	937	664	791	622
AENJPLPP_00568	22856	21477	18720	8719	9877	8052
AENJPLPP_00569	27276	26874	24071	9994	10958	9755
AENJPLPP_00570	11660	12418	10255	3252	3651	3318
AENJPLPP_00571	16845	18705	15812	3929	4605	4164
AENJPLPP_00572	1034	867	854	953	1123	1026
AENJPLPP_00573	5996	5009	4887	4300	5774	4723
AENJPLPP_00574	38	27	24	18	52	44
AENJPLPP_00575	21	16	12	18	19	13
AENJPLPP_00576	14	4	8	4	6	2
AENJPLPP_00577	53	51	54	38	36	54
AENJPLPP_00578	29	31	26	74	61	80
AENJPLPP_00579	22	44	24	24	26	18
AENJPLPP_00580	2565	2501	2053	99143	120445	134069
AENJPLPP_00581	697	415	406	117026	137676	153336
AENJPLPP_00582	584	371	309	108235	120156	133610
AENJPLPP_00583	159	85	93	28280	29718	32695
AENJPLPP_00584	378	235	217	73159	86434	91730
AENJPLPP_00585	360	205	158	82926	95744	100862
AENJPLPP_00586	779	368	297	186061	211844	214515
AENJPLPP_00587	227	82	86	61003	70799	67791
AENJPLPP_00588	38	29	15	15983	18007	17051
AENJPLPP_00589	239	116	103	64143	74688	70367
AENJPLPP_00590	490	585	527	3239	4065	3783
AENJPLPP_00591	8347	9134	7548	89327	108967	94756
AENJPLPP_00592	3528	3547	3449	32579	37747	33666
AENJPLPP_00593	265	234	242	10192	13409	10346
AENJPLPP_00594	11687	13276	11736	21441	28016	23595
AENJPLPP_00595	6280	6015	5806	14209	16397	14879
AENJPLPP_00596	124	134	88	126	119	112
AENJPLPP_00597	13	24	23	10	24	23
AENJPLPP_00598	50	46	42	38	27	38
AENJPLPP_00599	27	34	43	24	31	44
AENJPLPP_00600	42	52	48	40	30	32
AENJPLPP_00601	4261	4195	3798	7383	7734	7229
AENJPLPP_00602	5421	5047	4529	7499	8274	7388
AENJPLPP_00603	8623	8093	7288	11590	12605	11880
AENJPLPP_00604	2314	1912	2023	3281	3135	2903
AENJPLPP_00605	2829	2740	2568	2502	2775	2537
AENJPLPP_00606	575	662	593	1364	1571	1345
AENJPLPP_00607	474	442	504	415	450	415
AENJPLPP_00608	4302	4324	3759	8646	9248	8875
AENJPLPP_00609	1198	928	928	2726	2960	2638
AENJPLPP_00610	136	119	120	1588	1913	1800
AENJPLPP_00611	102	91	77	958	1000	1012
AENJPLPP_00612	94	76	88	667	666	683
AENJPLPP_00613	80	84	70	62	84	66
AENJPLPP_00614	28	18	42	12	10	12
AENJPLPP_00615	15020	16235	14090	9008	10266	9710
AENJPLPP_00616	6901	6648	6339	5090	5555	4997
AENJPLPP_00617	8828	8792	8193	6259	7013	6889
AENJPLPP_00618	147	140	165	144	193	144
AENJPLPP_00620	946	1015	880	328	486	371
AENJPLPP_00621	573	626	605	318	410	353
AENJPLPP_00622	31	74	32	37	55	38
AENJPLPP_00623	603	729	688	329	478	423
AENJPLPP_00624	6	9	4	7	7	22
AENJPLPP_00625	788	830	692	2451	3205	2726
AENJPLPP_00626	1508	1464	1315	1568	1748	1600
AENJPLPP_00627	4507	4999	4274	6038	7372	9831
AENJPLPP_00628	690	650	657	2209	2221	2072
AENJPLPP_00629	431	491	402	1295	1489	1292
AENJPLPP_00630	987	1031	863	2122	2328	2262
AENJPLPP_00631	562	531	550	1455	1716	1604
AENJPLPP_00632	3578	3639	3156	4913	5709	4819
AENJPLPP_00633	338	260	205	499	456	340
AENJPLPP_00634	2213	2198	1922	2866	14522	2854
AENJPLPP_00635	3719	3744	3292	3423	4210	3450
AENJPLPP_00636	131	176	187	39	34	46
AENJPLPP_00637	4282	4866	4302	501	617	569
AENJPLPP_00638	5704	5606	5864	13576	15872	13519
AENJPLPP_00639	1418	1392	1302	2284	2612	2358
AENJPLPP_00640	169	172	131	2181	2299	2340
AENJPLPP_00641	52	60	51	1275	1289	1186
AENJPLPP_00642	1068	1038	1038	1771	1761	1755
AENJPLPP_00643	74	67	81	962	1316	1169
AENJPLPP_00644	2741	2713	2620	762	842	696
AENJPLPP_00645	15460	16002	14442	6124	6999	6277
AENJPLPP_00646	3439	3714	3256	1338	1363	1456
AENJPLPP_00647	11065	13125	12322	5048	5821	5799
AENJPLPP_00648	37620	36323	32653	21783	23757	21376
AENJPLPP_00649	27814	25614	21786	9975	11692	10461
AENJPLPP_00650	2617	2363	2199	2683	2657	2336
AENJPLPP_00651	4606	4717	4375	2183	4103	2493
AENJPLPP_00652	6450	7075	6766	10954	3976	3289
AENJPLPP_00653	10835	12584	9694	3917	4951	4778
AENJPLPP_00654	21235	20364	17952	8231	9054	7600
AENJPLPP_00655	8925	8420	6677	1545	1781	1645
AENJPLPP_00656	5046	5162	4971	1020	1165	1065
AENJPLPP_00657	13743	14391	12935	3356	3888	3699
AENJPLPP_00658	24463	24738	21138	3900	4480	4095
AENJPLPP_00659	565	701	544	148	135	145
AENJPLPP_00660	3449	3711	3120	1664	2112	1684
AENJPLPP_00661	4645	4680	4065	1884	2199	1901
AENJPLPP_00662	197	199	188	5714	6530	5948
AENJPLPP_00663	139	99	120	12371	15098	14516
AENJPLPP_00664	6499	6033	5709	6210	6753	6806
AENJPLPP_00665	803	888	841	686	927	825
AENJPLPP_00666	4125	4431	3996	4123	4726	4355
AENJPLPP_00667	3150	3548	3126	3067	3875	3245
AENJPLPP_00668	7208	6658	5944	6079	6964	6288
AENJPLPP_00669	19899	19769	18014	9659	10828	10313
AENJPLPP_00670	1281	1172	1039	4330	5699	5111
AENJPLPP_00671	2501	2146	2348	1795	2112	1928
AENJPLPP_00672	3796	4277	3828	2748	3297	2928
AENJPLPP_00673	9431	10071	8988	4993	6407	5640
AENJPLPP_00674	11853	10512	9941	2145	2567	2219
AENJPLPP_00675	2993	3157	2851	461	571	487
AENJPLPP_00676	3830	3860	3186	4028	4478	4310
AENJPLPP_00677	6437	6494	5877	5849	6599	5811
AENJPLPP_00678	1863	1878	1656	1175	1174	1102
AENJPLPP_00679	604	511	483	350	390	361
AENJPLPP_00680	5870	5251	4417	5740	6797	5937
AENJPLPP_00681	11578	10985	9428	10789	11821	10969
AENJPLPP_00682	1621	1354	1252	2331	2546	2516
AENJPLPP_00683	43796	51057	51128	40405	53971	48834
AENJPLPP_00684	25741	23552	22144	6684	7600	7034
AENJPLPP_00685	43880	42362	39708	50136	53872	50249
AENJPLPP_00686	8368	7822	6859	1251	1548	1504
AENJPLPP_00687	16088	15774	13736	4317	4895	4910
AENJPLPP_00688	753	832	709	1352	1340	1370
AENJPLPP_00689	142	96	113	136	169	148
AENJPLPP_00690	1402	1405	1457	1598	2105	1794
AENJPLPP_00691	812	779	670	291	314	296
AENJPLPP_00692	18044	17345	15909	22401	25394	23789
AENJPLPP_00693	23335	25920	22592	16163	19805	18685
AENJPLPP_00694	2145	1593	1570	2054	2720	2182
AENJPLPP_00695	8720	8528	7336	5475	6067	5696
AENJPLPP_00696	5930	5213	4188	3329	3899	3490
AENJPLPP_00697	6373	5724	4962	3915	4428	4138
AENJPLPP_00698	2976	2833	2516	2131	2266	2032
AENJPLPP_00699	8667	7993	7311	5542	6113	5513
AENJPLPP_00700	0	6	3	0	0	0
AENJPLPP_00701	4642	3859	3754	1871	2335	1884
AENJPLPP_00702	4927	5684	4802	2851	3314	3040
AENJPLPP_00703	16265	15938	15479	5155	5940	5509
AENJPLPP_00704	0	0	0	0	0	0
AENJPLPP_00705	30337	25680	23893	23153	26705	24518
AENJPLPP_00706	19614	16563	14978	10895	12417	11433
AENJPLPP_00707	17199	16263	14797	3743	4448	4172
AENJPLPP_00708	1695	1336	1422	1778	2094	1900
AENJPLPP_00709	310	327	299	597	547	547
AENJPLPP_00710	978	1097	883	323	356	333
AENJPLPP_00711	5328	5698	5239	2947	3327	3145
AENJPLPP_00712	11706	10274	9029	65661	76381	64213
AENJPLPP_00713	2473	2862	2406	3972	4727	4376
AENJPLPP_00714	6875	6315	5401	1581	1702	1596
AENJPLPP_00715	4928	4830	4017	20122	23356	20533
AENJPLPP_00716	444	418	402	2037	2382	1897
AENJPLPP_00717	17267	17714	17752	3743	4888	3911
AENJPLPP_00718	17586	16023	14211	7754	9182	8088
AENJPLPP_00719	10903	10945	9694	3243	3801	3485
AENJPLPP_00720	10077	10395	9068	3443	4116	3691
AENJPLPP_00721	879	934	820	312	379	372
AENJPLPP_00722	32053	31319	29445	20613	23925	21697
AENJPLPP_00723	9572	10705	8920	3883	4771	4327
AENJPLPP_00724	3555	3401	3046	1400	1485	1416
AENJPLPP_00725	13	9	18	14	8	6
AENJPLPP_00726	59	118	76	21	30	33
AENJPLPP_00727	1548	1409	1509	662	731	671
AENJPLPP_00728	474	494	438	75	156	102
AENJPLPP_00729	2417	2403	1858	4681	4914	5392
AENJPLPP_00730	1013	888	827	422	534	428
AENJPLPP_00731	80	74	68	69	68	64
AENJPLPP_00732	1653	1675	1391	1046	1093	1093
AENJPLPP_00733	237	314	296	109	105	152
AENJPLPP_00734	91	92	82	46	40	49
AENJPLPP_00735	40	42	45	58	36	28
AENJPLPP_00736	14	13	7	12	5	3
AENJPLPP_00737	52	43	44	34	34	48
AENJPLPP_00738	2	2	6	20	22	6
AENJPLPP_00739	2	7	6	13	7	6
AENJPLPP_00740	171	196	254	53	85	64
AENJPLPP_00741	467	537	458	234	303	310
AENJPLPP_00742	111	86	66	55	77	35
AENJPLPP_00743	766	854	732	693	926	721
AENJPLPP_00744	321	334	305	1450	1346	1405
AENJPLPP_00745	311	313	282	148	138	131
AENJPLPP_00746	573	672	594	406	513	476
AENJPLPP_00747	235	256	177	1739	1889	2074
AENJPLPP_00748	942	921	695	6044	5986	6316
AENJPLPP_00749	276	258	213	246	238	238
AENJPLPP_00750	290	326	266	276	318	260
AENJPLPP_00751	285	279	238	230	207	198
AENJPLPP_00752	103	85	87	70	98	62
AENJPLPP_00753	134	120	96	103	122	147
AENJPLPP_00754	29	32	31	39	31	29
AENJPLPP_00755	80	86	67	59	65	62
AENJPLPP_00756	1	2	1	2	1	19
AENJPLPP_00757	25	56	22	44	39	27
AENJPLPP_00758	436	388	395	682	760	663
AENJPLPP_00759	2	8	4	4	23	15
AENJPLPP_00760	77	86	62	264	275	275
AENJPLPP_00761	164	135	115	339	355	347
AENJPLPP_00762	317	351	335	174	197	220
AENJPLPP_00763	35	34	45	74	74	63
AENJPLPP_00764	20	16	33	46	63	30
AENJPLPP_00765	30	20	32	53	28	44
AENJPLPP_00766	10	15	13	13	20	12
AENJPLPP_00767	17	25	10	28	26	17
AENJPLPP_00768	6	4	4	8	7	4
AENJPLPP_00769	23	2	6	10	12	20
AENJPLPP_00770	159	136	116	170	151	121
AENJPLPP_00771	3245	3097	2848	1236	1475	1288
AENJPLPP_00772	484	444	438	932	1086	980
AENJPLPP_00773	11	5	3	10	11	17
AENJPLPP_00774	65	69	46	58	109	88
AENJPLPP_00775	19	21	14	55	73	65
AENJPLPP_00776	44	52	35	117	109	123
AENJPLPP_00777	28	20	10	52	52	57
AENJPLPP_00778	3	0	2	6	2	1
AENJPLPP_00779	104	104	87	115	101	109
AENJPLPP_00796	20498	18914	17005	16251	18975	17901
AENJPLPP_00797	10543	9266	8690	8696	10111	9348
AENJPLPP_00798	45038	42741	38595	21591	24233	21778
AENJPLPP_00799	6261	7260	6723	3344	4087	3878
AENJPLPP_00800	53802	58596	56730	12056	15672	13329
AENJPLPP_00801	330	392	357	725	793	715
AENJPLPP_00802	153631	133190	129507	43555	54218	45861
AENJPLPP_00803	133643	122287	115951	39027	44619	39764
AENJPLPP_00804	8619	8834	8128	14223	15793	13992
AENJPLPP_00805	970	1147	1094	1118	1517	1520
AENJPLPP_00806	5911	5804	5029	5187	5953	5775
AENJPLPP_00807	15	12	11	7	9	5
AENJPLPP_00808	2495	2106	1848	44820	56521	48386
AENJPLPP_00809	5783	5297	5133	5113	5998	5386
AENJPLPP_00810	0	2	4	0	0	2
AENJPLPP_00811	15177	14783	13647	14811	17531	15792
AENJPLPP_00812	1840	1669	1706	2002	2209	2072
AENJPLPP_00813	34014	34322	30706	7824	9126	8034
AENJPLPP_00814	2534	2642	2611	1699	2009	1650
AENJPLPP_00815	2971	2841	2501	1020	1171	1117
AENJPLPP_00816	9405	10013	8934	6644	11483	6977
AENJPLPP_00817	886	1017	891	1688	2287	1890
AENJPLPP_00818	0	0	0	0	0	0
AENJPLPP_00819	30630	30557	27486	4815	5279	5105
AENJPLPP_00820	16692	16407	14490	1617	1726	1621
AENJPLPP_00821	31420	32933	29326	4526	5295	4864
AENJPLPP_00822	16988	18658	16394	2337	2848	2469
AENJPLPP_00823	23941	25507	21903	3782	4372	3805
AENJPLPP_00824	28745	24809	21799	3236	3875	3542
AENJPLPP_00825	5525	5988	5587	721	827	726
AENJPLPP_00826	43092	42703	36990	4250	4913	4644
AENJPLPP_00827	25877	28078	24375	1651	2041	1712
AENJPLPP_00828	60345	57907	52126	1707	1996	1487
AENJPLPP_00829	58465	58527	52619	1637	2018	1520
AENJPLPP_00830	114969	121248	105325	2550	3098	2537
AENJPLPP_00831	40481	35226	32414	853	899	668
AENJPLPP_00832	54005	49527	43275	1198	1298	1052
AENJPLPP_00833	91566	81737	74669	1784	2181	1717
AENJPLPP_00834	77904	81552	69316	1433	1760	1365
AENJPLPP_00835	76386	72277	61712	1063	1419	1229
AENJPLPP_00836	52341	59320	58129	945	1142	838
AENJPLPP_00837	87650	81281	74911	2760	3575	2961
AENJPLPP_00838	43890	43346	39384	1483	2010	1561
AENJPLPP_00839	808	816	792	880	1032	972
AENJPLPP_00840	11854	11423	11654	11696	14193	12877
AENJPLPP_00841	6200	6966	5734	8462	10505	9676
AENJPLPP_00842	6196	6159	5679	6688	7415	6752
AENJPLPP_00843	5793	6252	5545	6342	6974	6523
AENJPLPP_00844	198496	203610	185266	103529	121297	111532
AENJPLPP_00845	42121	47068	47985	17328	21850	19235
AENJPLPP_00846	23839	23931	21187	22973	25063	22866
AENJPLPP_00847	4426	4561	3556	76005	77700	74483
AENJPLPP_00848	83	84	104	56	44	40
AENJPLPP_00849	16276	16845	14607	3697	4020	3786
AENJPLPP_00850	20843	19558	18354	9132	10595	9698
AENJPLPP_00851	6097	6420	6062	6342	7321	6916
AENJPLPP_00852	1311	1182	1195	467	679	611
AENJPLPP_00853	20851	21126	19015	14623	17056	15192
AENJPLPP_00854	4038	3989	3476	3054	3522	3388
AENJPLPP_00855	1255	1326	1181	1123	1275	1077
AENJPLPP_00856	6573	7095	6399	2654	3223	2982
AENJPLPP_00857	912	1436	1068	943	1130	1032
AENJPLPP_00858	1503	1656	1538	6453	7077	7340
AENJPLPP_00859	15123	15009	13616	15000	17079	15179
AENJPLPP_00860	17692	19537	15668	32398	33317	31410
AENJPLPP_00861	19282	20800	18054	31781	38584	33677
AENJPLPP_00862	2010	1899	1727	625	745	719
AENJPLPP_00863	581	554	452	960	1099	1058
AENJPLPP_00864	1304	1451	1328	464	634	582
AENJPLPP_00865	1068	1012	879	1560	1499	1508
AENJPLPP_00866	7	7	8	44	61	112
AENJPLPP_00867	0	0	2	3	0	0
AENJPLPP_00868	29	39	29	25	30	30
AENJPLPP_00869	3884	3917	3317	4988	6153	5575
AENJPLPP_00870	9943	9595	8552	10774	11321	10934
AENJPLPP_00871	6149	5791	4841	2104	2382	2132
AENJPLPP_00872	9231	9246	8212	2991	3212	3100
AENJPLPP_00873	10127	10515	8930	2364	3096	2891
AENJPLPP_00874	36963	38955	36108	6405	7464	6754
AENJPLPP_00875	20371	21665	19221	5921	6848	6333
AENJPLPP_00876	1584	1746	1729	226	255	222
AENJPLPP_00877	2	3	1	2	2	0
AENJPLPP_00878	22845	24900	21715	12226	14743	12898
AENJPLPP_00879	15725	16631	13868	5423	6915	5886
AENJPLPP_00880	14303	13116	11015	4867	5471	5016
AENJPLPP_00881	9188	9800	8939	2747	3355	2893
AENJPLPP_00882	2515	2649	2228	652	870	662
AENJPLPP_00883	1620	1684	1697	583	610	546
AENJPLPP_00884	7941	7466	6470	2191	2569	2365
AENJPLPP_00885	9391	9851	8882	2794	3464	2927
AENJPLPP_00886	8274	9337	7466	2330	2740	2562
AENJPLPP_00887	2898	2873	2559	956	1176	975
AENJPLPP_00888	2137	2121	2080	644	851	659
AENJPLPP_00889	5454	5380	4842	2186	3182	2525
AENJPLPP_00890	1043	1207	1114	480	583	454
AENJPLPP_00891	13882	14533	12986	3571	3962	3622
AENJPLPP_00892	21	17	4	14	13	12
AENJPLPP_00893	40223	40293	36774	8124	9217	8420
AENJPLPP_00894	14546	14736	14346	2949	3444	3122
AENJPLPP_00895	11004	11316	10293	2003	2433	2297
AENJPLPP_00896	4630	5204	4856	491	730	583
AENJPLPP_00897	14350	13987	12469	4163	4598	4145
AENJPLPP_00898	26599	30696	24798	11040	13646	12123
AENJPLPP_00899	15131	16058	13952	6065	7166	6539
AENJPLPP_00900	41509	39022	34922	19205	22641	20342
AENJPLPP_00901	8941	8736	8140	3793	4376	4085
AENJPLPP_00902	16189	17326	14720	4896	6399	5655
AENJPLPP_00903	8235	7941	7255	3277	3837	3513
AENJPLPP_00904	4970	4936	4291	2529	2782	2342
AENJPLPP_00905	7222	5997	5468	3386	3563	3323
AENJPLPP_00906	7024	5298	4887	2746	3147	3030
AENJPLPP_00907	7475	7327	6125	3237	3705	3276
AENJPLPP_00908	17103	17039	15192	9701	9945	9614
AENJPLPP_00909	10992	10287	9218	3599	4601	4248
AENJPLPP_00910	616	597	539	1802	1940	1799
AENJPLPP_00911	8119	8693	7824	14772	16875	16020
AENJPLPP_00912	2	4	8	1	7	2
AENJPLPP_00913	25	30	16	70	28	63
AENJPLPP_00914	6	6	8	4	8	6
AENJPLPP_00915	58	47	234	43	150	68
AENJPLPP_00916	0	0	4	0	2	2
AENJPLPP_00917	116	84	71	183	175	209
AENJPLPP_00918	37	47	40	65	70	33
AENJPLPP_00920	16	20	14	64	90	96
AENJPLPP_00921	0	0	0	0	13	0
AENJPLPP_00922	0	0	0	0	4	2
AENJPLPP_00923	0	0	0	7	2	4
AENJPLPP_00924	45	43	32	170	182	147
AENJPLPP_00925	1	4	4	10	12	14
AENJPLPP_00926	0	2	0	2	2	13
AENJPLPP_00927	0	0	0	109	5	11
AENJPLPP_00928	43	40	33	783	1065	942
AENJPLPP_00929	56	65	78	673	836	742
AENJPLPP_00930	156	144	131	2952	3667	3456
AENJPLPP_00931	5	1	0	54	104	81
AENJPLPP_00932	4	10	9	511	589	483
AENJPLPP_00933	18	13	11	691	847	831
AENJPLPP_00934	8	10	11	431	547	422
AENJPLPP_00935	18	7	17	884	1025	977
AENJPLPP_00936	6	8	6	563	666	508
AENJPLPP_00937	15	12	8	534	743	679
AENJPLPP_00938	14	17	11	394	477	392
AENJPLPP_00939	36	30	32	1703	2010	1806
AENJPLPP_00940	13	7	6	572	595	561
AENJPLPP_00941	28	19	27	1165	1352	1182
AENJPLPP_00942	4	12	5	352	377	402
AENJPLPP_00943	79	66	50	1542	1755	1734
AENJPLPP_00944	8	14	6	199	232	225
AENJPLPP_00945	10	5	7	196	208	209
AENJPLPP_00946	127	86	93	1919	1937	2000
AENJPLPP_00947	46	51	38	790	894	927
AENJPLPP_00948	17	19	13	439	511	485
AENJPLPP_00949	8	12	2	208	209	183
AENJPLPP_00950	854	902	1018	567	735	661
AENJPLPP_00951	155	132	122	1077	1402	1282
AENJPLPP_00952	15	28	24	7	9	5
AENJPLPP_00953	0	0	0	0	1	2
AENJPLPP_00954	2	0	1	16	14	33
AENJPLPP_00955	1	0	2	4	54	2
AENJPLPP_00956	9	2	9	62	79	49
AENJPLPP_00957	73	56	62	483	610	522
AENJPLPP_00958	40	53	31	422	498	401
AENJPLPP_00959	55	64	64	551	699	547
AENJPLPP_00960	28	41	29	277	383	299
AENJPLPP_00961	60	67	67	752	952	890
AENJPLPP_00962	32	18	15	221	301	236
AENJPLPP_00963	54	64	40	708	675	628
AENJPLPP_00964	35	35	25	302	377	336
AENJPLPP_00965	18	17	12	333	452	376
AENJPLPP_00966	503	530	416	9715	10840	9745
AENJPLPP_00967	244	256	222	4404	5466	5070
AENJPLPP_00968	185	172	204	3270	4336	3780
AENJPLPP_00969	19	22	24	344	369	259
AENJPLPP_00970	57	55	54	1213	1576	1370
AENJPLPP_00971	4	4	4	135	189	182
AENJPLPP_00972	23	34	32	460	582	504
AENJPLPP_00973	144	99	69	3204	3467	3186
AENJPLPP_00974	136	119	151	3828	4425	3547
AENJPLPP_00975	57	68	49	1310	1619	1492
AENJPLPP_00976	97	89	84	2310	2761	2135
AENJPLPP_00977	408	412	356	11557	13184	12626
AENJPLPP_00978	2135	2107	2091	5220	5931	5409
AENJPLPP_00979	153	168	148	6602	7494	7151
AENJPLPP_00980	606	505	508	2072	2918	2332
AENJPLPP_00981	43	57	36	2242	3153	2514
AENJPLPP_00982	1729	1796	1696	1349	1631	1534
AENJPLPP_00983	887	938	742	684	818	657
AENJPLPP_00984	385	388	321	764	926	760
AENJPLPP_00985	1949	2276	2071	1232	1414	1292
AENJPLPP_00986	49012	53085	47111	50482	59384	53741
AENJPLPP_00987	6118	6962	6315	1714	1859	1670
AENJPLPP_00988	3002	3232	3111	6056	5951	5679
AENJPLPP_00989	300	246	244	798	852	804
AENJPLPP_00990	787	933	892	1801	2093	1835
AENJPLPP_00991	11805	12095	10298	3444	4181	3862
AENJPLPP_00992	8354	7957	6901	3354	3905	3616
AENJPLPP_00993	10327	11208	9865	5199	6066	5550
AENJPLPP_00994	11182	11009	9821	6834	7881	6772
AENJPLPP_00995	6961	7676	7079	5293	6339	5557
AENJPLPP_00996	24857	21496	18845	5121	5521	5127
AENJPLPP_00997	8872	8208	7420	1065	1200	1171
AENJPLPP_00999	294	251	192	166	143	153
AENJPLPP_01000	23	28	37	17	25	19
AENJPLPP_01001	57	57	47	54	66	82
AENJPLPP_01002	55	67	45	60	85	79
AENJPLPP_01003	58	77	72	102	129	129
AENJPLPP_01004	26505	24992	21694	19960	22875	22107
AENJPLPP_01005	11415	9862	9028	6234	7222	6745
AENJPLPP_01006	1020	1067	971	538	545	578
AENJPLPP_01007	85	81	59	76	59	99
AENJPLPP_01008	567	630	517	3158	3711	3950
AENJPLPP_01009	133	150	131	866	1166	1031
AENJPLPP_01010	6337	7361	6626	9673	11450	10777
AENJPLPP_01011	31177	33532	30825	26621	29771	27327
AENJPLPP_01012	18263	18630	17001	15552	18227	16221
AENJPLPP_01013	1337	1376	1240	1295	1475	1261
AENJPLPP_01014	772	704	620	1133	1415	1207
AENJPLPP_01015	1655	1819	1735	907	909	849
AENJPLPP_01016	5225	5426	4663	732	841	807
AENJPLPP_01017	110	113	110	54	52	47
AENJPLPP_01018	955	851	823	453	516	465
AENJPLPP_01019	226	218	217	213	256	273
AENJPLPP_01020	195167	196294	184411	18870	22149	20606
AENJPLPP_01021	423996	423933	325215	44984	46368	49044
AENJPLPP_01022	87567	101039	87386	12818	15204	14231
AENJPLPP_01023	110247	122879	105854	14878	17774	16705
AENJPLPP_01024	2575	2294	2121	2764	3161	3082
AENJPLPP_01025	2919	2975	2802	3533	4297	3640
AENJPLPP_01026	2189	1993	1868	1706	1923	1906
AENJPLPP_01027	1467	1266	1289	2185	2438	2210
AENJPLPP_01028	10492	10278	9779	2681	3277	3016
AENJPLPP_01029	138	133	156	103	237	199
AENJPLPP_01030	1276	1167	1042	682	657	742
AENJPLPP_01031	3105	3260	3110	6612	8553	7428
AENJPLPP_01032	2490	2419	2628	843	1106	999
AENJPLPP_01033	2070	2307	2086	485	551	525
AENJPLPP_01034	183	181	162	273	314	271
AENJPLPP_01035	178	188	155	314	406	333
AENJPLPP_01036	79	80	89	219	252	235
AENJPLPP_01037	610	803	605	494	619	562
AENJPLPP_01038	355	405	348	468	567	453
AENJPLPP_01039	1602	1433	1364	1078	1273	1207
AENJPLPP_01040	9711	8658	8041	4185	4994	4184
AENJPLPP_01041	3603	3837	3484	1731	1915	1786
AENJPLPP_01042	3262	2505	2096	817	882	825
AENJPLPP_01043	1300	1170	1099	411	524	496
AENJPLPP_01044	3409	3462	3250	788	883	862
AENJPLPP_01045	11268	9427	9496	3544	3887	3585
AENJPLPP_01046	9669	9669	8526	3912	4938	4269
AENJPLPP_01047	2988	2880	2431	3288	3786	3255
AENJPLPP_01048	1863	1735	1686	2132	2369	2003
AENJPLPP_01049	1747	1733	1543	869	1082	925
AENJPLPP_01050	12765	13730	13499	5651	6113	5957
AENJPLPP_01051	0	0	0	0	0	2
AENJPLPP_01052	0	0	0	0	0	4
AENJPLPP_01053	16324	17863	16271	20518	24033	22027
AENJPLPP_01054	1127	1228	1128	617	671	634
AENJPLPP_01055	9016	10597	9292	19737	23880	21985
AENJPLPP_01056	11514	12482	11707	46819	51037	47148
AENJPLPP_01057	1121	1297	1250	309	354	325
AENJPLPP_01058	21944	20601	17476	9272	10333	9710
AENJPLPP_01059	4031	4161	3840	2079	2178	1996
AENJPLPP_01060	8798	9168	8094	4601	5185	5168
AENJPLPP_01061	1662	1642	1567	552	704	622
AENJPLPP_01062	3261	3237	2923	2189	2481	2123
AENJPLPP_01063	898	974	865	539	637	547
AENJPLPP_01064	939	968	739	464	530	578
AENJPLPP_01065	30339	30074	27348	33252	39165	35430
AENJPLPP_01066	17510	16397	14044	9910	11774	10459
AENJPLPP_01067	37515	38312	32434	13776	17271	14790
AENJPLPP_01068	16884	15718	14054	3553	4393	3633
AENJPLPP_01069	3369	4009	3273	13199	13905	12842
AENJPLPP_01070	2276	2454	2055	6003	6695	6288
AENJPLPP_01071	6275	6094	5628	7760	8704	8329
AENJPLPP_01072	60987	62627	53729	77805	89289	84805
AENJPLPP_01073	2445	2583	2411	1235	1688	1424
AENJPLPP_01074	2720	2524	2277	1340	1740	1433
AENJPLPP_01075	1462	1354	1201	498	521	414
AENJPLPP_01076	2298	2045	1893	314	367	353
AENJPLPP_01077	1681	1997	1733	1460	1706	1656
AENJPLPP_01078	408	412	396	1822	2290	2255
AENJPLPP_01079	5355	6112	5393	25476	27647	24568
AENJPLPP_01080	1175	919	966	2896	3824	3610
AENJPLPP_01081	1691	1605	1441	893	997	970
AENJPLPP_01082	17729	17338	15526	2597	3013	2611
AENJPLPP_01083	15118	17081	15299	1127	1367	1192
AENJPLPP_01084	34	41	52	9	19	10
AENJPLPP_01085	83	68	40	37	50	34
AENJPLPP_01086	38	39	43	18	12	28
AENJPLPP_01087	34	25	35	26	17	24
AENJPLPP_01088	7	14	15	8	4	9
AENJPLPP_01089	44	93	64	49	51	62
AENJPLPP_01090	72	68	70	34	48	44
AENJPLPP_01091	1066	1281	1189	7359	8692	8009
AENJPLPP_01092	1809	1613	1880	588	715	611
AENJPLPP_01093	5509	5143	5084	2094	2434	2364
AENJPLPP_01094	2778	2675	2638	3163	3307	3080
AENJPLPP_01095	1830	1600	1382	1679	1821	1818
AENJPLPP_01096	1967	2459	2084	6669	7985	7450
AENJPLPP_01097	2785	2697	2555	8546	9530	8522
AENJPLPP_01098	14729	15937	13780	33731	32597	29028
AENJPLPP_01099	6613	6282	5735	7866	8694	7999
AENJPLPP_01100	8371	7538	6814	11814	13002	11960
AENJPLPP_01101	1470	1299	1211	2720	3083	2836
AENJPLPP_01102	920	919	919	375	409	391
AENJPLPP_01103	458	408	344	171	204	176
AENJPLPP_01104	75	45	55	36	29	41
AENJPLPP_01105	343	266	247	155	138	140
AENJPLPP_01106	12	16	12	9	0	4
AENJPLPP_01107	63	93	75	48	51	33
AENJPLPP_01108	64	67	54	27	29	24
AENJPLPP_01109	56	56	77	34	28	35
AENJPLPP_01110	36	59	39	32	19	11
AENJPLPP_01111	92	96	81	58	66	60
AENJPLPP_01112	10	8	15	11	12	14
AENJPLPP_01113	32	44	22	15	18	22
AENJPLPP_01114	14	22	21	15	18	18
AENJPLPP_01115	16	36	28	54	36	45
AENJPLPP_01116	165	201	151	110	128	112
AENJPLPP_01117	998	1174	1031	596	1086	761
AENJPLPP_01118	144	128	110	320	314	376
AENJPLPP_01119	231	180	175	207	230	265
AENJPLPP_01120	248	253	215	182	203	201
AENJPLPP_01121	92	114	67	78	79	67
AENJPLPP_01122	91	80	93	76	90	91
AENJPLPP_01123	152	124	156	119	133	144
AENJPLPP_01124	13086	16971	15680	7522	9053	8017
AENJPLPP_01125	9887	9548	8431	6149	7219	6494
AENJPLPP_01126	2689	2417	2186	975	1022	976
AENJPLPP_01127	623	619	616	354	376	357
AENJPLPP_01128	582	621	444	226	303	264
AENJPLPP_01129	343	430	340	117	116	109
AENJPLPP_01130	1162	1132	1091	904	1035	977
AENJPLPP_01131	898	968	868	871	908	899
AENJPLPP_01132	580	720	617	421	472	461
AENJPLPP_01133	502	491	485	272	345	296
AENJPLPP_01134	102	104	107	39	53	51
AENJPLPP_01135	210	247	175	176	168	159
AENJPLPP_01136	34	34	31	18	36	54
AENJPLPP_01137	29	28	27	16	17	29
AENJPLPP_01138	6040	5745	5414	2177	2504	2221
AENJPLPP_01139	3055	3143	3096	897	1138	1057
AENJPLPP_01140	169	198	146	364	448	423
AENJPLPP_01141	7582	8304	7571	3870	4992	4628
AENJPLPP_01142	202	239	227	140	130	142
AENJPLPP_01143	16	20	19	30	31	38
AENJPLPP_01144	10	6	10	29	33	27
AENJPLPP_01145	122	109	108	1633	1784	2461
AENJPLPP_01146	13	13	15	780	794	968
AENJPLPP_01147	528	536	510	446	481	434
AENJPLPP_01148	1597	1498	1469	185	240	223
AENJPLPP_01149	2278	2149	1927	1615	1915	1748
AENJPLPP_01150	3214	2857	2568	1971	2453	2034
AENJPLPP_01151	203	199	158	114	70	83
AENJPLPP_01152	2823	2877	2453	1896	2153	1918
AENJPLPP_01153	88268	93342	75292	3371	3947	3636
AENJPLPP_01154	67999	63000	57687	2973	3319	2882
AENJPLPP_01155	1489	1363	1293	644	747	704
AENJPLPP_01156	45029	44984	39679	12084	14333	12908
AENJPLPP_01157	15731	15507	13972	66137	79375	74507
AENJPLPP_01158	2503	2549	2534	706	894	870
AENJPLPP_01159	11300	9474	8741	3763	4236	4520
AENJPLPP_01160	9352	10444	7556	3841	4380	3998
AENJPLPP_01161	12279	13024	11405	2797	3644	3165
AENJPLPP_01162	10761	10294	9056	1731	2126	1907
AENJPLPP_01163	901	954	954	1043	1058	854
AENJPLPP_01164	2939	3411	2974	614	809	746
AENJPLPP_01165	169	156	171	140	164	149
AENJPLPP_01166	11	19	5	8	4	11
AENJPLPP_01167	16156	16139	15134	6393	8513	7661
AENJPLPP_01194	2	0	1	1	1	0
AENJPLPP_01195	73505	80147	68984	28133	33654	31251
AENJPLPP_01196	6130	6239	5737	2875	3104	2772
AENJPLPP_01197	7006	6625	5495	1824	2237	2010
AENJPLPP_01198	65484	51391	46985	54142	60998	57631
AENJPLPP_01199	13279	12761	10727	7864	8937	8197
AENJPLPP_01200	5378	4602	4663	4079	4453	4218
AENJPLPP_01201	15799	17973	16032	14056	17200	15858
AENJPLPP_01202	7906	8242	7950	7026	7841	7402
AENJPLPP_01203	2389	2435	2005	951	889	936
AENJPLPP_01204	5358	4976	4887	1896	2271	1991
AENJPLPP_01205	21431	20880	18124	9558	10840	9976
AENJPLPP_01206	1532	1477	1368	540	588	569
AENJPLPP_01207	145888	163073	150931	36148	43183	39464
AENJPLPP_01208	8513	8575	8112	6157	7301	7209
AENJPLPP_01209	4660	3853	3471	3034	3094	3064
AENJPLPP_01210	752	740	671	272	302	330
AENJPLPP_01211	4404	4702	4140	6165	7652	6362
AENJPLPP_01212	134726	141302	128711	438827	512789	470302
AENJPLPP_01213	2399	2218	2619	1728	2370	2074
AENJPLPP_01214	11423	10883	9643	10936	12231	10936
AENJPLPP_01215	7067	6499	5836	9023	9586	9091
AENJPLPP_01216	2224	2500	2266	3301	3777	3503
AENJPLPP_01217	8041	8129	7199	11794	13084	11469
AENJPLPP_01218	37788	38514	34950	25220	28436	26569
AENJPLPP_01219	14671	14933	12839	7899	9179	8310
AENJPLPP_01220	14396	13517	12221	8208	9562	8831
AENJPLPP_01221	8716	8457	7302	4383	4981	4662
AENJPLPP_01222	4533	4186	3608	3195	3472	3175
AENJPLPP_01223	10551	9545	8832	7707	8771	8122
AENJPLPP_01224	10894	10866	8763	18747	20850	19295
AENJPLPP_01225	22011	20077	17749	32207	35651	30616
AENJPLPP_01226	1947	1754	1618	1079	1227	1095
AENJPLPP_01227	4029	3955	3384	2414	2686	2483
AENJPLPP_01228	1221	960	853	756	827	730
AENJPLPP_01229	1583	1579	1388	1174	1246	1249
AENJPLPP_01230	6233	6061	5507	12821	14097	14025
AENJPLPP_01231	1536	1209	1029	2762	3262	2916
AENJPLPP_01232	18360	18166	17643	10663	12748	10708
AENJPLPP_01233	26719	28870	25139	14226	17132	15126
AENJPLPP_01234	7627	8142	6987	3775	4427	3799
AENJPLPP_01235	1296	1178	1334	469	542	581
AENJPLPP_01236	1801	1816	1748	736	932	811
AENJPLPP_01237	3205	3716	3428	857	1038	949
AENJPLPP_01238	8649	8327	7319	6579	7444	7158
AENJPLPP_01239	10348	10486	9175	9041	10559	9844
AENJPLPP_01240	2768	3816	2961	2356	2869	2663
AENJPLPP_01241	42736	40337	38448	53074	59197	57443
AENJPLPP_01242	31382	28947	26681	26725	31677	29650
AENJPLPP_01243	6408	6277	5805	2428	2833	2587
AENJPLPP_01244	7891	9008	7785	4857	5540	5015
AENJPLPP_01245	11319	10130	9572	6882	7548	7027
AENJPLPP_01246	5550	5549	5088	3713	4659	4031
AENJPLPP_01247	3482	3345	3014	2141	2538	2251
AENJPLPP_01248	4426	4413	3719	4014	4250	4159
AENJPLPP_01249	2284	2093	1924	2489	2919	2629
AENJPLPP_01250	6598	6281	5938	10500	12676	10573
AENJPLPP_01251	170	199	182	22	17	15
AENJPLPP_01252	6626	5922	5227	2329	2477	2428
AENJPLPP_01253	7596	9985	8046	3393	3748	3588
AENJPLPP_01254	4492	5428	4711	1506	1862	1620
AENJPLPP_01255	12336	13442	11637	3426	4040	3540
AENJPLPP_01256	4646	4451	4093	1752	1838	1678
AENJPLPP_01257	35625	39150	34909	22400	25608	22675
AENJPLPP_01258	7386	7507	6570	7266	8181	7933
AENJPLPP_01259	13002	11425	9949	8627	9748	8933
AENJPLPP_01260	4202	4088	3508	2921	3634	3186
AENJPLPP_01261	3439	3493	3202	2568	2865	2643
AENJPLPP_01262	9387	9243	8460	6428	7407	6217
AENJPLPP_01263	4164	4458	3869	2287	2579	2358
AENJPLPP_01264	1156	820	779	1480	1795	1717
AENJPLPP_01265	43	41	40	2	0	2
AENJPLPP_01266	10	9	4	3	0	3
AENJPLPP_01267	1810	1721	1578	2972	3461	3324
AENJPLPP_01268	662	683	740	55	99	72
AENJPLPP_01269	524	562	491	778	878	894
AENJPLPP_01270	857	998	931	253	241	307
AENJPLPP_01271	710	831	718	140	188	179
AENJPLPP_01272	1392	1417	1296	183	195	176
AENJPLPP_01273	33561	33198	30504	9759	11043	10462
AENJPLPP_01274	989	819	858	3372	3793	3661
AENJPLPP_01275	127	129	123	106	133	103
AENJPLPP_01276	610	691	651	382	396	404
AENJPLPP_01277	2181	2427	2052	371	353	351
AENJPLPP_01278	3064	3291	2976	392	554	464
AENJPLPP_01279	19	19	28	36	44	42
AENJPLPP_01280	258	258	253	292	321	342
AENJPLPP_01281	734	732	697	709	771	827
AENJPLPP_01282	382	366	333	2317	2574	2195
AENJPLPP_01283	389	430	352	486	484	462
AENJPLPP_01284	132	132	174	183	273	250
AENJPLPP_01285	9	7	15	6	11	2
AENJPLPP_01286	1048	945	1154	260	257	222
AENJPLPP_01287	1230	1139	993	164	242	275
AENJPLPP_01288	1518	1682	1376	1672	1867	1823
AENJPLPP_01289	6539	6741	5919	1272	1246	1207
AENJPLPP_01290	1079	978	1027	662	777	730
AENJPLPP_01291	5771	5593	4933	1908	2054	1830
AENJPLPP_01292	40	39	50	71	109	86
AENJPLPP_01293	1524	1553	1361	3863	4865	4235
AENJPLPP_01294	2758	2671	2199	1758	2143	1872
AENJPLPP_01295	1299	1130	1000	841	962	899
AENJPLPP_01296	175	181	133	381	462	458
AENJPLPP_01297	666	618	561	1371	1903	1594
AENJPLPP_01298	3	3	6	2	0	0
AENJPLPP_01299	130	173	139	125	150	157
AENJPLPP_01300	6	13	12	15	26	22
AENJPLPP_01301	13	13	13	34	18	21
AENJPLPP_01302	7	8	19	19	16	24
AENJPLPP_01303	193	246	189	221	191	197
AENJPLPP_01304	12	18	9	16	15	11
AENJPLPP_01305	127	106	99	88	82	86
AENJPLPP_01306	2896	2692	2430	5135	6017	5521
AENJPLPP_01307	342	372	323	752	865	808
AENJPLPP_01308	9	9	2	14	13	17
AENJPLPP_01309	15	17	4	22	26	31
AENJPLPP_01310	8	0	7	7	20	20
AENJPLPP_01311	11	24	15	19	14	36
AENJPLPP_01312	16	5	9	3	2	4
AENJPLPP_01313	2	0	2	2	0	0
AENJPLPP_01314	62	44	42	12	30	20
AENJPLPP_01315	0	0	0	3	0	0
AENJPLPP_01316	27	41	16	25	39	25
AENJPLPP_01317	70	67	66	62	38	59
AENJPLPP_01318	31	28	35	18	20	11
AENJPLPP_01319	16	34	29	22	18	22
AENJPLPP_01320	1730	1891	1683	648	747	600
AENJPLPP_01321	1245	1315	1146	445	499	394
AENJPLPP_01322	240	271	241	69	76	74
AENJPLPP_01323	371	444	371	80	111	112
AENJPLPP_01324	170	153	111	60	77	57
AENJPLPP_01325	4552	4726	4538	1936	2265	1964
AENJPLPP_01326	177	248	192	112	150	92
AENJPLPP_01327	417	439	368	190	217	186
AENJPLPP_01328	7	14	6	26	46	24
AENJPLPP_01329	8	15	6	39	57	50
AENJPLPP_01330	0	16	4	10	14	22
AENJPLPP_01331	17	7	15	9	11	15
AENJPLPP_01332	100	131	113	65	62	52
AENJPLPP_01333	2056	1886	1693	580	615	612
AENJPLPP_01334	5	6	20	0	0	0
AENJPLPP_01335	89	84	92	149	165	170
AENJPLPP_01336	1451	1374	1274	1762	2031	1888
AENJPLPP_01337	1018	1113	890	1199	1437	1307
AENJPLPP_01338	77	86	93	85	125	127
AENJPLPP_01339	441	493	441	554	606	539
AENJPLPP_01340	63	69	50	64	70	56
AENJPLPP_01341	215	219	205	194	275	192
AENJPLPP_01342	561	542	544	561	714	614
AENJPLPP_01343	236	206	269	278	363	350
AENJPLPP_01344	87	85	86	122	131	86
AENJPLPP_01345	40	26	25	53	63	39
AENJPLPP_01346	36	39	28	38	48	40
AENJPLPP_01347	8	18	14	11	15	16
AENJPLPP_01348	355	445	366	377	494	463
AENJPLPP_01349	15	21	15	27	35	26
AENJPLPP_01350	107	99	71	147	153	126
AENJPLPP_01351	998	1056	961	1504	1636	1514
AENJPLPP_01352	601	509	494	864	1050	996
AENJPLPP_01353	122	124	119	164	276	211
AENJPLPP_01354	1	1	2	0	0	2
AENJPLPP_01355	796	856	770	995	1150	998
AENJPLPP_01356	323	325	372	663	761	616
AENJPLPP_01357	112726	119938	106617	10166	13051	11507
AENJPLPP_01358	104037	114434	115676	5563	6545	6185
AENJPLPP_01359	36081	43973	37931	29888	35756	32984
AENJPLPP_01360	2195	2159	2012	1588	1787	1774
AENJPLPP_01361	69	48	61	41	46	29
AENJPLPP_01362	299	256	210	2839	2759	2449
AENJPLPP_01363	74	63	94	20	35	22
AENJPLPP_01364	272	234	254	81	61	57
AENJPLPP_01365	108	129	128	81	75	82
AENJPLPP_01366	25	39	23	24	20	20
AENJPLPP_01367	12	20	14	10	8	8
AENJPLPP_01368	22	37	8	8	12	9
AENJPLPP_01369	20	12	13	3	5	8
AENJPLPP_01370	10	12	8	7	8	3
AENJPLPP_01371	32	32	23	12	23	30
AENJPLPP_01372	58	64	46	20	26	30
AENJPLPP_01373	2589	2842	2311	2371	2603	2392
AENJPLPP_01374	142586	132464	125087	53017	59724	55264
AENJPLPP_01375	144416	136261	128367	56730	63144	58515
AENJPLPP_01376	910	915	858	644	833	686
AENJPLPP_01377	348	297	303	232	336	248
AENJPLPP_01378	732	780	568	686	805	690
AENJPLPP_01379	3784	4181	3599	4351	5047	4417
AENJPLPP_01380	3362	3300	2626	4938	5098	4688
AENJPLPP_01381	19690	19826	17151	4394	4845	4568
AENJPLPP_01382	3677	4014	3880	2084	2476	2326
AENJPLPP_01383	1669	1533	1563	748	878	778
AENJPLPP_01384	1567	1745	1474	647	781	719
AENJPLPP_01385	13637	12917	11772	5055	5955	6899
AENJPLPP_01386	16541	14610	13872	12383	14291	16528
AENJPLPP_01387	3107	3159	2747	2065	2294	2306
AENJPLPP_01388	506	528	512	122	115	157
AENJPLPP_01389	15683	15502	14177	7102	7818	7517
AENJPLPP_01390	12739	12582	11177	4169	4490	4777
AENJPLPP_01391	8970	10862	9292	1941	2093	2077
AENJPLPP_01392	19118	20741	18326	29764	35190	33336
AENJPLPP_01393	1427	1621	1739	2081	2290	2203
AENJPLPP_01403	5711	5019	4425	3956	4323	4250
AENJPLPP_01404	2950	2616	2560	3453	3785	3429
AENJPLPP_01405	10370	9651	8978	4374	5156	4394
AENJPLPP_01406	32030	29714	27309	56501	64692	59319
AENJPLPP_01407	13482	14052	13051	6438	7469	6907
AENJPLPP_01408	23246	22085	19700	10957	13065	12454
AENJPLPP_01409	2442	2084	2097	1325	1419	1247
AENJPLPP_01410	9788	8440	8125	4045	4700	4306
AENJPLPP_01411	7792	8227	7131	2491	2925	2534
AENJPLPP_01412	3905	4115	3835	1211	1300	1157
AENJPLPP_01413	17596	18414	16644	5460	6305	5941
AENJPLPP_01414	2550	2774	2449	682	771	673
AENJPLPP_01415	6651	5507	5067	1664	1856	1641
AENJPLPP_01416	153	176	150	24	44	34
AENJPLPP_01417	12472	12383	11569	8030	9149	7997
AENJPLPP_01418	13203	13998	12485	3860	4665	3912
AENJPLPP_01419	4372	3595	3459	938	1009	885
AENJPLPP_01420	2196	2554	2882	404	606	497
AENJPLPP_01421	21191	21075	18767	13046	15378	14338
AENJPLPP_01422	10162	10960	9822	7317	8886	7834
AENJPLPP_01423	2754	2804	2754	1664	2143	1887
AENJPLPP_01424	14861	13673	13019	7623	8672	7629
AENJPLPP_01425	36935	34747	31574	18031	20416	18168
AENJPLPP_01426	82130	78543	66892	41191	56369	42238
AENJPLPP_01427	31800	29542	28869	7387	9242	8543
AENJPLPP_01428	99505	98163	84263	43432	44504	41110
AENJPLPP_01429	21638	26499	26830	6337	8417	8017
AENJPLPP_01430	33	19	17	6	4	4
AENJPLPP_01431	10507	10301	8974	8292	9028	9186
AENJPLPP_01432	5856	5858	5135	3937	7280	3959
AENJPLPP_01433	8460	8371	7473	3676	4428	3842
AENJPLPP_01434	23479	22724	20041	58392	68716	61269
AENJPLPP_01435	12529	10516	9092	4849	5403	4970
AENJPLPP_01436	21906	22228	20339	4267	4823	4596
AENJPLPP_01437	3528	4504	3638	5105	6073	5888
AENJPLPP_01438	2378	2647	2375	5579	6036	6037
AENJPLPP_01439	2200	2084	2067	1365	1790	1518
AENJPLPP_01440	1017	1398	1238	612	951	828
AENJPLPP_01441	1371	1421	1297	268	311	316
AENJPLPP_01442	29	34	18	5	6	13
AENJPLPP_01443	542	624	553	155	265	226
AENJPLPP_01444	2311	2505	2146	677	729	734
AENJPLPP_01445	1936	2226	2040	720	855	695
AENJPLPP_01446	100	118	99	102	98	89
AENJPLPP_01447	232	268	192	141	140	166
AENJPLPP_01448	31	44	37	15	17	15
AENJPLPP_01449	237	208	154	145	127	167
AENJPLPP_01450	1016	1184	929	1127	1305	1295
AENJPLPP_01451	950	1015	903	755	910	798
AENJPLPP_01452	76	109	78	47	32	41
AENJPLPP_01453	36	62	41	23	38	16
AENJPLPP_01454	94	71	64	33	33	38
AENJPLPP_01455	128	77	108	50	75	78
AENJPLPP_01456	101277	107828	96086	43915	50072	45994
AENJPLPP_01457	9889	9288	9077	5624	6819	6288
AENJPLPP_01458	3442	3228	2777	2006	2282	1934
AENJPLPP_01459	1794	1931	1873	1220	1325	1435
AENJPLPP_01460	21373	19253	17963	4166	4818	3982
AENJPLPP_01461	18702	17150	15898	6878	7999	6632
AENJPLPP_01462	9345	7161	6686	3186	3545	3193
AENJPLPP_01463	74041	66238	58975	105361	121900	127221
AENJPLPP_01464	39551	34234	31022	32797	38923	33265
AENJPLPP_01465	22649	20204	18352	16961	20922	18485
AENJPLPP_01466	15823	14610	13463	11717	14193	12374
AENJPLPP_01467	19572	19513	18711	11851	14855	13223
AENJPLPP_01468	17208	17466	16308	13686	16066	13613
AENJPLPP_01469	13517	12672	11712	15695	17312	15636
AENJPLPP_01470	122834	156532	131061	33479	44384	39387
AENJPLPP_01471	12168	13425	12069	5918	7227	6453
AENJPLPP_01472	5906	6375	5306	2547	3352	3089
AENJPLPP_01473	121838	124182	115354	20119	22835	21957
AENJPLPP_01474	128459	122345	117746	24783	28626	27397
AENJPLPP_01475	286465	269980	264910	75600	81999	79832
AENJPLPP_01476	665640	704547	624563	199108	234170	223557
AENJPLPP_01477	26950	25798	26229	4810	4436	4261
AENJPLPP_01478	142374	116555	102732	23847	29255	23977
AENJPLPP_01479	65799	74089	70756	13029	15571	14007
AENJPLPP_01480	42419	45751	41309	9132	10321	9169
AENJPLPP_01481	107580	122259	111735	19875	24298	21904
AENJPLPP_01482	62387	67327	57577	8433	10173	8774
AENJPLPP_01483	68756	63612	58349	9321	11745	10438
AENJPLPP_01484	169388	140290	152732	28255	32949	28114
AENJPLPP_01485	89400	79006	75065	13364	16149	15506
AENJPLPP_01486	34548	47066	43273	6173	7091	6132
AENJPLPP_01487	124910	141543	113219	17221	20601	18797
AENJPLPP_01488	75917	75682	71733	10209	12450	10977
AENJPLPP_01489	151538	145196	129305	21440	23180	20829
AENJPLPP_01490	81582	80639	78534	10896	13358	11942
AENJPLPP_01491	64897	66922	55307	6931	9381	8107
AENJPLPP_01492	89755	98773	93845	12716	14882	13039
AENJPLPP_01493	92283	89903	97701	14852	17187	16324
AENJPLPP_01494	98662	85918	81482	12425	14773	400831
AENJPLPP_01495	134653	132799	117117	23111	21626	22054
AENJPLPP_01496	31358	33675	29618	4163	5334	4567
AENJPLPP_01497	121578	104685	103328	13665	16371	13773
AENJPLPP_01498	320033	309624	278226	38927	44224	40112
AENJPLPP_01499	100572	101348	90564	10284	12016	11858
AENJPLPP_01500	54653	46938	44895	6873	7563	7036
AENJPLPP_01501	80995	85066	66567	10236	11959	10609
AENJPLPP_01502	66981	72265	64121	10854	13166	11813
AENJPLPP_01503	74046	68112	63816	9255	12251	10405
AENJPLPP_01504	198945	164032	167542	28347	33528	30803
AENJPLPP_01505	214398	203296	180202	35719	38422	37579
AENJPLPP_01506	5757	5251	4669	5458	6002	5655
AENJPLPP_01507	7243	6840	6134	6935	7590	6943
AENJPLPP_01508	2982	2968	2720	3268	3864	3478
AENJPLPP_01509	2431	2421	1967	1043	1157	1059
AENJPLPP_01510	2649	2380	2141	1232	1544	1413
AENJPLPP_01511	412	365	381	230	354	307
AENJPLPP_01512	350	334	261	349	340	314
AENJPLPP_01513	8	14	14	13	15	25
AENJPLPP_01514	148	130	156	1265	1515	1366
AENJPLPP_01515	77	101	83	2576	3169	2841
AENJPLPP_01516	167	161	107	33	34	30
AENJPLPP_01517	115	120	128	67	72	56
AENJPLPP_01518	7857	8068	7015	8641	9718	8791
AENJPLPP_01519	11901	13832	13570	7685	8310	7835
AENJPLPP_01520	5497	5729	5369	4424	5555	4923
AENJPLPP_01521	79446	86749	71246	64199	75091	68287
AENJPLPP_01522	14807	14381	12856	10977	13480	11408
AENJPLPP_01523	22923	22251	19285	13109	14344	13216
AENJPLPP_01524	19073	17146	18875	6352	7170	6272
AENJPLPP_01525	17	13	5	7	0	6
AENJPLPP_01526	5509	4581	4402	12025	13000	12423
AENJPLPP_01527	7554	6813	6237	12398	13778	13254
AENJPLPP_01528	3706	3547	3426	6062	7516	6923
AENJPLPP_01529	3799	3834	3430	5367	6354	6619
AENJPLPP_01530	25311	24873	23157	922446	779387	473046
AENJPLPP_01531	5811	6221	5396	3346	3818	3514
AENJPLPP_01532	31512	31509	28537	28971	31791	215648
AENJPLPP_01533	4868	4589	4023	2696	3407	3098
AENJPLPP_01534	9743	8860	8393	6009	7298	6650
AENJPLPP_01535	14155	13638	12120	10263	11801	10335
AENJPLPP_01536	1070	1162	1224	3190	4283	3770
AENJPLPP_01537	164	146	135	8261	9956	9481
AENJPLPP_01538	389	343	259	17634	18686	52920
AENJPLPP_01539	282	329	213	10792	11592	12120
AENJPLPP_01540	673	680	531	32505	37387	40151
AENJPLPP_01541	34	52	37	7	13	14
AENJPLPP_01542	55	59	56	45	34	47
AENJPLPP_01543	145	180	148	33	41	43
AENJPLPP_01544	215	182	144	201	196	188
AENJPLPP_01545	4976	5971	5065	8995	11896	8916
AENJPLPP_01546	3460	3250	3104	6960	7911	7298
AENJPLPP_01547	6	7	13	8	7	9
AENJPLPP_01548	80	89	75	18	25	28
AENJPLPP_01549	144	123	118	61	68	70
AENJPLPP_01550	13	22	5	3	2	4
AENJPLPP_01551	33773	32130	30789	5074	6339	6035
AENJPLPP_01552	758	665	610	359	417	468
AENJPLPP_01553	1178	1309	1151	410	588	574
AENJPLPP_01554	3524	3585	3241	2141	2335	2230
AENJPLPP_01555	278	335	308	213	225	224
AENJPLPP_01556	4495	4001	3741	2046	2267	2193
AENJPLPP_01557	1771	1850	1894	1393	1800	1630
AENJPLPP_01558	1055	1121	878	48607	63288	55096
AENJPLPP_01559	81688	92990	91761	15485	17588	16710
AENJPLPP_01560	2333	2594	2380	523	639	548
AENJPLPP_01561	3877	3448	3202	1155	1150	1089
AENJPLPP_01562	4081	4183	3741	2107	2289	2261
AENJPLPP_01563	3121	2907	2769	1073	1202	1145
AENJPLPP_01564	1443	1478	1340	618	715	649
AENJPLPP_01565	16260	16600	14225	6835	8198	7373
AENJPLPP_01566	13869	12740	11077	7151	8245	7740
AENJPLPP_01567	5241	5044	4046	2246	2573	2550
AENJPLPP_01568	4990	6016	5348	762	754	770
AENJPLPP_01569	2591	2573	2387	1183	1517	1270
AENJPLPP_01570	2575	2738	2344	5241	6009	5405
AENJPLPP_01571	5770	6684	6136	3620	4265	3885
AENJPLPP_01572	12173	11176	10140	7440	8095	7477
AENJPLPP_01573	4324	4097	3723	2929	2928	2784
AENJPLPP_01574	9943	9959	9249	7737	8130	7952
AENJPLPP_01575	10772	11519	8424	23598	25960	27247
AENJPLPP_01576	19	24	25	75	122	61
AENJPLPP_01577	4557	4971	4641	22742	26634	24645
AENJPLPP_01578	201	182	199	144	192	202
AENJPLPP_01579	2135	2297	2434	3028	4464	3556
AENJPLPP_01580	9257	9365	8748	11100	11700	10755
AENJPLPP_01581	14774	14523	13363	15657	17249	16487
AENJPLPP_01582	3379	3212	3129	4563	5284	4883
AENJPLPP_01583	1702	1681	1772	1313	1319	1344
AENJPLPP_01584	2031	2075	1807	1076	1098	1136
AENJPLPP_01585	3782	3653	3281	3413	3713	3336
AENJPLPP_01586	3342	3351	3156	4116	4523	4342
AENJPLPP_01587	2999	3033	3009	744	980	880
AENJPLPP_01588	57547	54734	38075	17406	22326	21947
AENJPLPP_01589	43542	43475	39500	44678	48837	45418
AENJPLPP_01590	169	161	178	130	158	175
AENJPLPP_01591	14747	14618	13077	13015	15228	14033
AENJPLPP_01592	2013	1964	1750	1724	1891	1748
AENJPLPP_01593	5974	5893	5617	9258	11338	10545
AENJPLPP_01594	1805	1783	1634	4838	5322	5067
AENJPLPP_01595	4804	4411	3942	16964	19164	17926
AENJPLPP_01596	4203	4794	4144	4204	4707	4189
AENJPLPP_01597	1784	1978	1738	1784	2001	1806
AENJPLPP_01598	10922	11282	11081	3427	3735	3343
AENJPLPP_01599	17	7	11	0	1	0
AENJPLPP_01600	2	11	2	4	4	6
AENJPLPP_01601	12	20	12	5	9	2
AENJPLPP_01602	1305	1094	1036	515	492	454
AENJPLPP_01603	1633	1793	1560	830	1035	988
AENJPLPP_01604	2679	2895	2588	1207	1332	1192
AENJPLPP_01605	1242	1195	1186	433	467	538
AENJPLPP_01606	1030	1012	806	2866	3142	2861
AENJPLPP_01607	57	61	50	150	180	158
AENJPLPP_01608	14506	14265	12689	4827	6040	5372
AENJPLPP_01609	10214	10820	9196	3759	4341	3648
AENJPLPP_01610	54742	56454	52285	11984	13783	13049
AENJPLPP_01611	920	951	843	908	1074	1095
AENJPLPP_01612	5455	5843	5212	6645	7537	7085
AENJPLPP_01613	1258	1418	1349	1580	1952	1786
AENJPLPP_01614	238	319	290	771	976	862
AENJPLPP_01615	1740	1695	1436	6263	6852	5955
AENJPLPP_01616	15912	15921	13746	11113	13169	12281
AENJPLPP_01617	11202	10043	9136	2725	3246	2969
AENJPLPP_01618	923	1099	988	1278	1749	1344
AENJPLPP_01619	1507	1640	1621	2692	2822	2572
AENJPLPP_01620	69	66	72	34	35	43
AENJPLPP_01621	76	82	78	44	43	53
AENJPLPP_01622	279	269	222	280	384	379
AENJPLPP_01623	942	1023	826	1339	1489	1422
AENJPLPP_01624	301	281	245	568	558	516
AENJPLPP_01625	1413	1494	1334	2549	2974	2719
AENJPLPP_01626	25171	26152	23253	11126	12690	11283
AENJPLPP_01627	452	500	465	452	469	434
AENJPLPP_01628	7619	7892	6849	7031	7627	7603
AENJPLPP_01629	16375	15556	13340	26435	28936	28736
AENJPLPP_01630	3711	3786	3666	662	889	667
AENJPLPP_01631	26109	27602	23434	18033	18556	18244
AENJPLPP_01632	65	42	45	70	57	54
AENJPLPP_01633	6464	6563	5700	168263	194865	202852
AENJPLPP_01634	59	50	78	84	133	73
AENJPLPP_01635	2390	4198	2658	1652	2774	2527
AENJPLPP_01636	165	184	149	201	187	194
AENJPLPP_01637	80	80	82	34	64	60
AENJPLPP_01638	50	42	42	53	47	48
AENJPLPP_01639	48	35	34	24	46	35
AENJPLPP_01640	36	60	38	51	80	77
AENJPLPP_01641	633	684	615	464	619	558
AENJPLPP_01642	928	828	780	2604	2727	2793
AENJPLPP_01643	847	748	689	1966	1980	2291
AENJPLPP_01644	621	700	593	873	1019	1043
AENJPLPP_01645	15	17	23	25	17	28
AENJPLPP_01646	357	404	390	479	498	504
AENJPLPP_01647	9981	9974	8606	4792	5166	4867
AENJPLPP_01648	6736	6591	5776	2253	2818	2149
AENJPLPP_01649	3226	3531	3151	789	869	822
AENJPLPP_01650	4976	4553	4020	712	891	854
AENJPLPP_01651	4323	3956	3911	973	1081	983
AENJPLPP_01652	1757	1836	1766	800	990	981
AENJPLPP_01653	264	248	249	446	544	528
AENJPLPP_01654	117585	119123	105155	33052	37686	36532
AENJPLPP_01655	28012	28876	26829	5320	6554	5843
AENJPLPP_01656	46319	45423	42196	7563	9058	9006
AENJPLPP_01657	84	90	63	29	34	37
AENJPLPP_01658	197	190	189	111	133	140
AENJPLPP_01659	9	17	10	8	10	7
AENJPLPP_01660	836	1015	896	910	1045	972
AENJPLPP_01661	151	122	195	1880	2246	1948
AENJPLPP_01662	715	636	496	1671	1858	1533
AENJPLPP_01663	1142	945	891	2318	2540	2192
AENJPLPP_01664	33226	31343	27278	43428	48084	43991
AENJPLPP_01665	42	32	36	2	0	3
AENJPLPP_01666	45	32	29	110	127	116
AENJPLPP_01667	7074	7346	7289	4054	4814	3996
AENJPLPP_01668	491	632	612	555	862	693
AENJPLPP_01669	6501	7044	6238	13073	14289	13332
AENJPLPP_01670	2852	2867	2746	5856	6385	5630
AENJPLPP_01671	5407	5273	4571	14755	15830	15407
AENJPLPP_01672	16701	17769	15782	4918	5903	5391
AENJPLPP_01673	13700	14194	12530	11869	13631	12930
AENJPLPP_01674	722	828	792	260	358	324
AENJPLPP_01675	22	16	20	18	21	23
AENJPLPP_01676	5	12	9	4	10	6
AENJPLPP_01677	2517	2893	2562	1631	1967	1793
AENJPLPP_01678	453	469	514	322	483	398
AENJPLPP_01679	4266	4260	3848	2947	3877	3232
AENJPLPP_01680	278	331	245	297	341	374
AENJPLPP_01681	37	45	43	9	20	20
AENJPLPP_01682	13	12	17	26	18	27
AENJPLPP_01683	10	1	11	8	8	5
AENJPLPP_01684	1	2	0	2	1	0
AENJPLPP_01685	2	0	0	0	0	4
AENJPLPP_01686	5	15	12	5	1	0
AENJPLPP_01687	5	7	12	2	4	0
AENJPLPP_01688	65	48	52	72	55	56
AENJPLPP_01689	36	45	63	28	33	34
AENJPLPP_01690	231	288	206	268	297	254
AENJPLPP_01691	1201	1104	1105	795	975	904
AENJPLPP_01692	1659	1925	1747	1370	1741	1377
AENJPLPP_01693	3177	3186	2823	1970	2346	1986
AENJPLPP_01694	122	133	125	104	124	116
AENJPLPP_01695	38	39	43	38	41	30
AENJPLPP_01696	59	97	46	33	60	37
AENJPLPP_01697	209	266	206	185	167	192
AENJPLPP_01698	481	428	412	385	482	535
AENJPLPP_01699	4318	4501	4317	3861	4251	3913
AENJPLPP_01700	1478	2086	1522	2571	3367	3123
AENJPLPP_01701	439	337	462	387	416	359
AENJPLPP_01702	846	919	757	397	548	465
AENJPLPP_01703	8691	9618	7567	7519	9468	8218
AENJPLPP_01704	163	182	194	154	121	152
AENJPLPP_01705	164	110	137	63	114	120
AENJPLPP_01706	76	77	60	48	50	48
AENJPLPP_01707	304	215	205	185	165	173
AENJPLPP_01708	463	362	313	196	276	223
AENJPLPP_01709	376	256	265	242	275	253
AENJPLPP_01710	18	26	12	11	21	10
AENJPLPP_01711	30	33	14	55	59	48
AENJPLPP_01712	476	445	415	814	884	875
AENJPLPP_01713	378	422	311	880	1044	1016
AENJPLPP_01714	693	833	698	190	270	219
AENJPLPP_01715	2292	2419	2316	3443	4294	3913
AENJPLPP_01716	688	707	770	936	1055	943
AENJPLPP_01717	261	337	241	83	109	79
AENJPLPP_01718	43	57	60	16	16	25
AENJPLPP_01719	21	44	22	7	8	7
AENJPLPP_01720	3	2	2	4	9	1
AENJPLPP_01721	984	943	892	243	271	227
AENJPLPP_01722	830	956	846	194	228	196
AENJPLPP_01723	3439	3141	2740	978	991	933
AENJPLPP_01724	156	148	128	187	275	233
AENJPLPP_01725	188	204	142	274	255	234
AENJPLPP_01726	2763	3124	2827	1018	1226	1098
AENJPLPP_01727	8540	8745	8508	1105	1247	1114
AENJPLPP_01728	474	499	479	340	314	381
AENJPLPP_01729	1310	1274	892	276	441	360
AENJPLPP_01730	1062	1097	1010	2518	2895	2452
AENJPLPP_01731	1751	1905	1581	3657	4609	3863
AENJPLPP_01732	929	1036	841	2825	2948	2883
AENJPLPP_01733	647	583	495	2107	2260	2276
AENJPLPP_01734	422	447	386	627	665	664
AENJPLPP_01735	107	90	67	191	218	134
AENJPLPP_01736	23	10	21	22	21	22
AENJPLPP_01737	4304	4184	3535	2049	2302	2143
AENJPLPP_01738	1205	1111	1201	972	1188	1140
AENJPLPP_01739	74	104	94	92	129	106
AENJPLPP_01740	250	338	260	265	249	291
AENJPLPP_01741	190	194	171	118	151	144
AENJPLPP_01742	701	669	618	800	964	920
AENJPLPP_01743	2876	3116	2756	4260	4968	4545
AENJPLPP_01744	1146	985	1025	2001	2019	1802
AENJPLPP_01745	520	440	491	731	766	652
AENJPLPP_01746	2015	1875	1644	3291	3796	3546
AENJPLPP_01747	2165	2277	1925	3274	3930	3477
AENJPLPP_01748	2247	1911	2023	3317	3827	3497
AENJPLPP_01749	1420	1798	1228	980	1198	1296
AENJPLPP_01750	1273	1380	1085	2218	2491	2582
AENJPLPP_01751	395	444	328	1266	1281	1277
AENJPLPP_01752	880	843	883	128	145	141
AENJPLPP_01753	339	407	360	841	1037	992
AENJPLPP_01754	247	251	261	35	67	85
AENJPLPP_01755	203	221	170	32	44	39
AENJPLPP_01756	1	9	6	7	7	6
AENJPLPP_01757	8	7	10	4	4	4
AENJPLPP_01758	683	602	600	286	301	317
AENJPLPP_01759	2785	3087	2673	1490	1723	1474
AENJPLPP_01760	21229	21401	20294	10374	12514	11933
AENJPLPP_01761	20774	21520	19335	602	690	687
AENJPLPP_01762	6961	6951	6810	299	387	333
AENJPLPP_01763	756	762	646	51	90	70
AENJPLPP_01764	725	598	535	54	79	41
AENJPLPP_01765	5090	5523	5387	1234	1369	1363
AENJPLPP_01766	457	624	621	100	144	100
AENJPLPP_01767	64	51	53	85	53	61
AENJPLPP_01768	252	226	212	276	291	328
AENJPLPP_01769	987	951	781	1369	1593	1612
AENJPLPP_01770	133	148	131	102	168	124
AENJPLPP_01771	4515	5035	4467	7036	7891	7337
AENJPLPP_01772	265	296	258	186	219	219
AENJPLPP_01773	911	833	758	982	1094	1004
AENJPLPP_01774	154	154	158	158	170	147
AENJPLPP_01775	350	360	302	109	122	98
AENJPLPP_01776	779	889	843	2136	2587	2408
AENJPLPP_01777	1513	1613	1441	390	601	554
AENJPLPP_01778	3561	3612	3656	134	201	154
AENJPLPP_01779	6049	5975	5664	476	505	503
AENJPLPP_01780	178	178	187	137	155	133
AENJPLPP_01781	49	69	56	50	72	56
AENJPLPP_01782	63	121	101	41	55	60
AENJPLPP_01783	270	307	286	170	176	188
AENJPLPP_01784	358	362	297	250	283	255
AENJPLPP_01785	5348	5196	4687	5412	5942	5706
AENJPLPP_01786	529	504	518	643	784	675
AENJPLPP_01787	1838	1744	1581	3057	3616	3330
AENJPLPP_01788	1605	1595	1359	287	335	379
AENJPLPP_01789	415	436	401	32	38	26
AENJPLPP_01790	913	965	981	637	901	641
AENJPLPP_01791	1275	1302	1284	904	1069	1018
AENJPLPP_01792	3887	4342	3773	2138	2652	2505
AENJPLPP_01793	2943	2629	2452	1418	1772	1507
AENJPLPP_01794	2236	2511	2083	3396	4217	3737
AENJPLPP_01795	2552	2494	2569	292	345	275
AENJPLPP_01796	5475	6013	5482	833	1140	1144
AENJPLPP_01797	13970	13774	11986	3710	4868	4482
AENJPLPP_01798	1173	1235	1135	501	553	549
AENJPLPP_01799	16854	17390	15852	28953	32509	30281
AENJPLPP_01800	36	63	36	283	323	432
AENJPLPP_01801	72	131	81	1049	1096	1332
AENJPLPP_01802	2533	2766	2172	5691	5953	7061
AENJPLPP_01803	3851	3876	3548	1286	1523	1423
AENJPLPP_01804	1065	1095	1122	437	548	539
AENJPLPP_01805	350	388	366	147	200	199
AENJPLPP_01806	2153	2103	1891	1384	1578	1386
AENJPLPP_01807	10163	10269	8846	1170	1393	1261
AENJPLPP_01808	775	928	695	1105	1331	1168
AENJPLPP_01809	773	673	606	137	201	184
AENJPLPP_01810	2156	1479	1640	508	483	527
AENJPLPP_01811	2876	2030	2524	1052	1170	1139
AENJPLPP_01812	1124	817	911	568	651	690
AENJPLPP_01813	9174	5934	7164	4983	5387	5776
AENJPLPP_01814	1566	1085	1248	460	409	504
AENJPLPP_01815	8234	7677	7663	1508	1856	1641
AENJPLPP_01816	2161	2502	2088	1051	1575	1418
AENJPLPP_01817	6047	6066	5437	5126	5720	5213
AENJPLPP_01818	532	500	420	5065	5650	5007
AENJPLPP_01819	250	299	258	2885	3230	3148
AENJPLPP_01820	284	306	295	3164	3880	3290
AENJPLPP_01821	17582	18270	16375	7880	8840	8359
AENJPLPP_01822	17637	19562	17567	4138	4379	4534
AENJPLPP_01823	13645	17172	14337	3567	4099	3913
AENJPLPP_01824	20561	22893	20462	7660	9485	8117
AENJPLPP_01825	1381	1238	1086	11131	13104	13325
AENJPLPP_01826	1324	1331	1174	10078	11111	11424
AENJPLPP_01827	1271	1244	1131	7314	7645	8373
AENJPLPP_01828	906	954	813	4752	4933	5139
AENJPLPP_01829	1417	1172	989	4896	5241	5512
AENJPLPP_01830	1877	1791	1596	8172	8393	8816
AENJPLPP_01831	3379	3352	2654	13728	13169	14046
AENJPLPP_01832	1811	1660	1580	6893	7302	7718
AENJPLPP_01833	3451	3168	2931	10476	10564	11421
AENJPLPP_01834	6117	6434	5407	9117	10094	9583
AENJPLPP_01835	2	1	2	0	0	0
AENJPLPP_01836	49	48	42	6	8	6
AENJPLPP_01837	548	443	446	892	975	882
AENJPLPP_01838	945	1114	907	617	638	571
AENJPLPP_01839	2894	3058	2897	2442	2797	2578
AENJPLPP_01840	579	547	523	333	355	367
AENJPLPP_01841	581	562	441	187	217	272
AENJPLPP_01842	3243	3977	3068	27	55	55
AENJPLPP_01843	545	570	490	483	505	474
AENJPLPP_01844	1246	1317	1268	709	761	750
AENJPLPP_01845	474	483	434	152	239	210
AENJPLPP_01846	4459	4281	3860	6891	7077	6911
AENJPLPP_01847	3678	3595	3616	5435	6610	6284
AENJPLPP_01848	1816	1714	1596	1136	1446	1145
AENJPLPP_01849	1551	1617	1423	1237	1526	1336
AENJPLPP_01850	5505	5126	4182	4002	5039	4187
AENJPLPP_01851	3825	4003	3508	4436	4614	4576
AENJPLPP_01852	8046	7885	7094	11462	12535	10977
AENJPLPP_01853	16547	19120	19394	7252	9584	8408
AENJPLPP_01854	930	937	852	1698	1864	2014
AENJPLPP_01855	2626	2795	2546	551	716	655
AENJPLPP_01856	767	570	704	96	122	121
AENJPLPP_01857	1626	1507	1202	1538	1785	1656
AENJPLPP_01858	2227	2296	1912	4988	5820	5645
AENJPLPP_01859	2951	3209	2554	6568	7240	7227
AENJPLPP_01860	205	191	217	497	579	534
AENJPLPP_01861	2537	2404	1976	18790	19897	16336
AENJPLPP_01862	475	415	362	6997	7454	6487
AENJPLPP_01863	309	281	305	5465	5723	4979
AENJPLPP_01864	2467	2279	2304	825	941	812
AENJPLPP_01865	470	473	384	625	723	639
AENJPLPP_01866	160	117	138	628	599	643
AENJPLPP_01867	41	40	32	6	10	10
AENJPLPP_01868	1657	1724	1357	622	776	698
AENJPLPP_01869	812	915	800	546	643	532
AENJPLPP_01870	24	39	27	9	30	30
AENJPLPP_01871	83	116	111	58	71	62
AENJPLPP_01872	158	133	134	2187	2107	2094
AENJPLPP_01873	450	402	382	1289	1341	1340
AENJPLPP_01874	126	100	122	399	421	443
AENJPLPP_01875	85	110	87	209	214	188
AENJPLPP_01876	94	80	82	174	201	180
AENJPLPP_01877	168	147	105	193	252	211
AENJPLPP_01878	23	14	18	15	25	16
AENJPLPP_01879	172	143	138	109	119	124
AENJPLPP_01880	16	18	16	8	25	30
AENJPLPP_01881	14	6	6	5	7	6
AENJPLPP_01882	66	57	38	35	49	58
AENJPLPP_01883	12	2	12	0	10	4
AENJPLPP_01884	4524	5173	4247	3619	4441	3951
AENJPLPP_01885	4610	4678	4059	3556	4245	3566
AENJPLPP_01886	19586	22608	21829	3199	4038	3570
AENJPLPP_01887	17837	14251	13326	1933	2377	2361
AENJPLPP_01888	9537	9687	8532	14586	15760	14743
AENJPLPP_01889	4764	5096	4492	5818	7043	6393
AENJPLPP_01890	4611	3939	3327	1325	1591	1542
AENJPLPP_01891	1649	1652	1533	587	741	668
AENJPLPP_01892	6588	6381	5688	2969	3106	2875
AENJPLPP_01893	4191	3460	3118	2377	2519	2381
AENJPLPP_01894	270	272	290	170	150	158
AENJPLPP_01895	12928	13972	12621	10776	12753	11889
AENJPLPP_01896	4549	4056	3723	4707	5390	5056
AENJPLPP_01897	15609	13640	13276	15177	16793	14999
AENJPLPP_01898	6031	6187	5473	1770	2030	1950
AENJPLPP_01899	3608	4117	3586	1896	1979	1908
AENJPLPP_01900	640	607	544	433	461	450
AENJPLPP_01901	497	535	433	1370	1392	1468
AENJPLPP_01902	11589	12770	11447	10544	13163	12418
AENJPLPP_01903	203	210	184	4504	5436	5413
AENJPLPP_01904	240	223	233	6152	6636	7086
AENJPLPP_01905	246	303	257	971	1240	1113
AENJPLPP_01906	1835	1789	1529	1415	1804	1556
AENJPLPP_01907	2872	2742	2607	2348	2388	2093
AENJPLPP_01908	11559	11180	10391	13539	15017	13611
AENJPLPP_01909	3610	3134	3290	1001	1094	950
AENJPLPP_01910	1552	1810	1492	3164	3443	3286
AENJPLPP_01911	2256	2582	2385	262	330	300
AENJPLPP_01912	32	67	66	35	82	62
AENJPLPP_01913	2198	2420	2267	2559	2806	2723
AENJPLPP_01914	18624	17547	14636	7870	8179	8051
AENJPLPP_01915	3020	2943	2737	1218	1426	1329
AENJPLPP_01916	5623	5191	4619	2689	2794	2507
AENJPLPP_01917	4098	4629	4209	680	775	783
AENJPLPP_01918	4804	4518	3740	1341	1405	1369
AENJPLPP_01919	6719	6353	6161	4693	5341	4702
AENJPLPP_01920	3877	4158	3748	3018	3829	3162
AENJPLPP_01921	8912	8550	7556	13524	14697	13128
AENJPLPP_01922	4288	4228	3956	7287	8107	7020
AENJPLPP_01923	3667	3855	3072	4286	5035	4644
AENJPLPP_01924	12579	12415	10497	17308	21877	18490
AENJPLPP_01925	1637	1911	1657	2944	3680	3321
AENJPLPP_01926	778	852	812	685	763	600
AENJPLPP_01927	289	303	262	119	149	133
AENJPLPP_01928	907	973	814	523	491	593
AENJPLPP_01929	660	654	642	533	533	605
AENJPLPP_01930	20	15	21	6	6	6
AENJPLPP_01931	144	159	128	46	66	22
AENJPLPP_01932	44	49	36	8	15	16
AENJPLPP_01933	117	136	134	17	28	31
AENJPLPP_01934	4166	4450	3854	2308	2640	2241
AENJPLPP_01935	4552	4518	4184	3137	3648	3041
AENJPLPP_01936	15509	16093	14282	14899	16305	14859
AENJPLPP_01937	0	1	0	8	4	6
AENJPLPP_01938	489	497	513	396	423	413
AENJPLPP_01939	174	185	181	99	98	110
AENJPLPP_01940	128	167	128	70	59	59
AENJPLPP_01941	225	249	202	215	288	184
AENJPLPP_01942	27754	30764	26847	3754	4595	3895
AENJPLPP_01943	204	250	221	481	551	452
AENJPLPP_01944	2690	2414	2043	3987	4628	3886
AENJPLPP_01945	190	175	132	211	211	212
AENJPLPP_01946	6	23	9	47	33	30
AENJPLPP_01947	15	9	13	15	15	19
AENJPLPP_01948	102	135	134	167	185	208
AENJPLPP_01949	653	803	773	757	842	862
AENJPLPP_01950	163	150	161	36	42	50
AENJPLPP_01951	54	85	74	41	44	49
AENJPLPP_01952	1078	1155	1147	1779	2065	1864
AENJPLPP_01953	2633	2893	2700	5447	6056	5529
AENJPLPP_01954	1907	2140	1517	6100	6772	7440
AENJPLPP_01955	9	4	4	7	7	19
AENJPLPP_01956	300	286	218	520	578	582
AENJPLPP_01957	719	648	572	517	658	615
AENJPLPP_01958	961	1082	896	1443	1915	1656
AENJPLPP_01959	1238	1163	1036	1939	2365	2066
AENJPLPP_01960	272	304	240	639	697	649
AENJPLPP_01961	7818	7302	7424	167	231	241
AENJPLPP_01962	11184	12147	10712	477	572	558
AENJPLPP_01963	14126	13624	12315	845	935	850
AENJPLPP_01964	1590	1725	1479	1193	1344	1148
AENJPLPP_01965	2945	2964	2879	2557	3079	2423
AENJPLPP_01966	1236	1222	1199	498	457	493
AENJPLPP_01967	1345	1449	1316	566	652	564
AENJPLPP_01968	2101	1984	2055	502	642	518
AENJPLPP_01969	3103	3600	3092	1928	2250	2118
AENJPLPP_01970	70	68	67	83	84	52
AENJPLPP_01971	1957	1815	1687	8947	9908	8956
AENJPLPP_01972	7788	7481	6944	1199	1402	1520
AENJPLPP_01973	12352	11096	10192	2919	3357	3160
AENJPLPP_01974	30	24	15	3	5	2
AENJPLPP_01975	212	165	173	78	102	80
AENJPLPP_01976	82	87	63	29	29	23
AENJPLPP_01977	246	285	286	146	133	118
AENJPLPP_01978	194	267	187	141	160	161
AENJPLPP_01979	2671	2831	2462	2802	3552	2933
AENJPLPP_01980	1173	1249	1201	5764	6272	5596
AENJPLPP_01981	369	281	283	4549	5799	5100
AENJPLPP_01982	1257	1281	993	3953	4203	4084
AENJPLPP_01983	9582	9794	8155	6874	8861	7381
AENJPLPP_01984	1119	1075	936	1534	1828	1606
AENJPLPP_01985	1694	1604	1475	4740	5194	5249
AENJPLPP_01986	1994	2039	1919	2391	2524	2289
AENJPLPP_01987	155	159	152	117	130	123
AENJPLPP_01988	579	515	523	295	328	326
AENJPLPP_01989	1505	1150	1079	885	1055	1033
AENJPLPP_01990	3180	2700	2508	1208	1397	1249
AENJPLPP_01991	9597	9193	7931	7120	7854	7269
AENJPLPP_01992	2034	2221	1908	1875	2358	2104
AENJPLPP_01993	3227	3754	3298	2658	3383	3085
AENJPLPP_01994	193	259	214	93	108	96
AENJPLPP_01995	8724	8480	7521	2742	3305	3059
AENJPLPP_01996	9595	9180	8403	4993	5755	5307
AENJPLPP_01997	5048	5448	5188	3147	3619	3409
AENJPLPP_01998	2980	2995	2674	581	546	589
AENJPLPP_01999	5092	5020	4711	1024	1215	1090
AENJPLPP_02000	1089	1076	919	343	394	333
AENJPLPP_02001	2750	2394	2304	1075	1193	1076
AENJPLPP_02002	3570	4022	3250	1958	2357	2250
AENJPLPP_02003	10835	10266	9129	7367	8199	7517
AENJPLPP_02004	1111	1108	1034	1341	1569	1307
AENJPLPP_02005	5412	5186	4749	5212	6233	5613
AENJPLPP_02006	1087	1169	1090	864	1023	938
AENJPLPP_02007	13724	14390	12765	3612	4050	3720
AENJPLPP_02008	1098	910	745	727	861	831
AENJPLPP_02009	1545	1266	1129	1701	2041	1754
AENJPLPP_02010	1243	1257	1213	2097	2419	2158
AENJPLPP_02011	1977	1827	1853	2307	2638	2371
AENJPLPP_02012	1242	1253	1126	2099	2474	2025
AENJPLPP_02013	13007	12025	10539	4268	4742	4286
AENJPLPP_02014	73	67	51	122	89	126
AENJPLPP_02015	209	298	221	201	240	230
AENJPLPP_02016	1528	1659	1440	3527	3658	3444
AENJPLPP_02017	808	821	723	590	710	626
AENJPLPP_02018	1898	1755	1515	1268	1552	1822
AENJPLPP_02019	3748	3739	3582	6008	6834	6236
AENJPLPP_02020	2033	1933	1747	2803	3179	2799
AENJPLPP_02021	879	922	840	1115	1266	1068
AENJPLPP_02022	1501	1421	1385	1518	1807	1699
AENJPLPP_02023	2551	2576	2110	2586	3272	2775
AENJPLPP_02024	1580	1699	1535	2041	2474	2185
AENJPLPP_02025	1291	1195	1104	229	259	204
AENJPLPP_02026	3217	2484	2303	1368	1611	1349
AENJPLPP_02027	1527	1322	1273	892	1036	950
AENJPLPP_02028	2288	1939	1816	1162	1432	1304
AENJPLPP_02029	4801	4472	3952	2498	3452	2940
AENJPLPP_02030	16782	18036	15339	6340	7355	6551
AENJPLPP_02031	364	330	280	8975	8987	9481
AENJPLPP_02032	154	132	115	2924	3325	3273
AENJPLPP_02033	293	355	240	3195	3744	4014
AENJPLPP_02034	280	258	244	599	634	709
AENJPLPP_02035	563	610	544	242	274	246
AENJPLPP_02036	518	446	454	131	166	115
AENJPLPP_02037	501	423	320	97	149	131
AENJPLPP_02038	856	1111	1018	517	557	547
AENJPLPP_02039	128	158	135	21	31	18
AENJPLPP_02040	306	370	280	92	109	112
AENJPLPP_02041	95	133	131	38	67	60
AENJPLPP_02042	1061	1015	920	621	786	663
AENJPLPP_02043	3182	3303	3028	1470	1769	1589
AENJPLPP_02044	12	18	7	6	9	5
AENJPLPP_02045	19481	19962	17926	14912	17109	20039
AENJPLPP_02046	77917	79316	72430	73953	86063	92426
AENJPLPP_02047	614	594	618	390	476	445
AENJPLPP_02048	15324	14801	13482	2425	2720	2560
AENJPLPP_02049	396216	419993	379666	67077	87544	73889
AENJPLPP_02050	11707	10714	8792	7531	8319	8343
AENJPLPP_02051	5923	5532	4705	3868	4469	4231
AENJPLPP_02052	46789	59570	50751	10036	11958	10945
AENJPLPP_02053	21	28	17	34	28	30
AENJPLPP_02054	54	39	41	58	84	58
AENJPLPP_02055	80	88	78	108	164	150
AENJPLPP_02056	149	147	135	261	293	326
AENJPLPP_02057	930	864	715	4454	5802	4820
AENJPLPP_02058	712	1025	683	69	75	71
AENJPLPP_02059	86	132	85	3	5	4
AENJPLPP_02060	1183	1212	1119	495	590	574
AENJPLPP_02061	5655	5934	5170	13276	14747	13190
AENJPLPP_02062	5088	4738	4189	11429	13376	12529
AENJPLPP_02063	5780	6064	5455	16399	19686	17521
AENJPLPP_02064	16765	16665	15678	8661	9446	8809
AENJPLPP_02065	2857	3431	3034	1747	2209	2021
AENJPLPP_02066	9747	9724	8946	6158	6737	5938
AENJPLPP_02067	11708	11864	10592	8411	9129	8657
AENJPLPP_02068	3489	3544	3545	3897	4555	3852
AENJPLPP_02069	6915	7376	6910	3390	3802	3536
AENJPLPP_02070	11920	11508	11183	10316	13088	11392
AENJPLPP_02071	2462	3009	2835	2921	3232	2776
AENJPLPP_02072	2516	2791	2426	997	1212	1124
AENJPLPP_02073	2183	2159	1833	3748	4217	3912
AENJPLPP_02074	3001	2757	2626	1009	1181	1336
AENJPLPP_02075	17079	16004	14936	10939	12060	12561
AENJPLPP_02076	1220	1097	1129	2084	2440	2212
AENJPLPP_02077	5676	5750	5481	10025	11485	10309
AENJPLPP_02078	4887	5929	4941	852	1058	985
AENJPLPP_02079	6200	6382	6051	1693	2370	1864
AENJPLPP_02080	2399	2976	2243	625	850	629
AENJPLPP_02081	4097	4234	4046	1677	2196	1657
AENJPLPP_02082	2542	2486	2041	967	1136	1016
AENJPLPP_02083	7058	7277	6558	8612	10332	9110
AENJPLPP_02084	4962	4445	4200	6780	8196	7077
AENJPLPP_02085	4632	4761	4529	5497	6174	5249
AENJPLPP_02086	8418	8234	7641	10953	12071	10941
AENJPLPP_02087	3141	3526	3058	837	929	875
AENJPLPP_02088	341	446	382	121	143	104
AENJPLPP_02089	4904	5235	4897	1682	2056	1786
AENJPLPP_02091	363	406	413	86	115	95
AENJPLPP_02092	10101	10154	8548	879	1005	1107
AENJPLPP_02093	578	629	621	912	1063	869
AENJPLPP_02094	120828	142562	119901	20034	22797	20860
AENJPLPP_02095	47903	54836	46949	9527	10478	9623
AENJPLPP_02096	143895	133003	119138	33784	36550	32509
AENJPLPP_02097	15011	15954	14046	20410	23627	22577
AENJPLPP_02098	10703	10787	9725	22451	23893	21425
AENJPLPP_02099	24921	25581	22115	64475	69028	63131
AENJPLPP_02100	13161	12722	11978	17278	20259	18963
AENJPLPP_02101	11127	11205	11314	12742	15917	13834
AENJPLPP_02102	797	809	879	1237	1411	1262
AENJPLPP_02103	1581	1388	1302	1056	1159	1148
AENJPLPP_02104	12810	12919	10980	18484	21438	19614
AENJPLPP_02105	18788	20860	17373	32280	35248	34536
AENJPLPP_02106	6573	8082	7193	9023	12372	10679
AENJPLPP_02107	3678	3593	3380	5407	6229	5809
AENJPLPP_02108	5478	5582	5247	8406	9145	8399
AENJPLPP_02109	1113	1309	1244	1377	1622	1353
AENJPLPP_02110	3875	3903	3643	4301	5084	4361
AENJPLPP_02111	4882	5231	4677	5597	6404	5431
AENJPLPP_02112	3719	3505	3265	3563	4079	3187
AENJPLPP_02113	17842	17891	15954	20148	23050	20824
AENJPLPP_02114	151	119	136	202	210	202
AENJPLPP_02115	662	799	614	1630	1788	1815
AENJPLPP_02116	185	184	211	130	181	183
AENJPLPP_02117	7629	6827	6329	7277	9143	7805
AENJPLPP_02118	14392	14361	12551	15495	19017	19082
AENJPLPP_02119	1964	2416	2172	3427	4006	3632
AENJPLPP_02120	28245	25439	21933	12394	13798	13206
AENJPLPP_02121	10469	10287	9212	4779	5708	4949
AENJPLPP_02122	8661	8751	7787	3211	3863	3187
AENJPLPP_02123	7685	6676	6347	3998	4601	3972
AENJPLPP_02124	15332	16108	15020	10168	11594	9845
AENJPLPP_02125	58908	55857	49555	28513	34413	31045
AENJPLPP_02126	41307	37728	36326	29288	32526	30003
AENJPLPP_02127	10212	9410	9309	12847	14400	13247
AENJPLPP_02128	18377	18315	15648	21213	24883	22455
AENJPLPP_02129	30583	29830	25478	32296	37685	35140
AENJPLPP_02130	35156	36219	30085	35393	37086	32604
AENJPLPP_02131	26940	27522	25475	4699	5653	5062
AENJPLPP_02132	10695	10600	9647	4618	5632	5266
AENJPLPP_02133	3071	3519	3616	1102	1222	1091
AENJPLPP_02134	541	485	467	589	643	581
AENJPLPP_02135	3156	3910	3501	2513	2864	2564
AENJPLPP_02136	4828	5219	4883	3906	4629	4216
AENJPLPP_02137	7056	7201	6311	5279	5852	5398
AENJPLPP_02138	4327	4593	3737	6385	7723	7106
AENJPLPP_02139	137	126	102	5508	5815	6863
AENJPLPP_02140	247	308	195	9118	10903	12920
AENJPLPP_02141	87	105	73	11236	12394	16920
AENJPLPP_02142	12	8	4	454	439	581
AENJPLPP_02143	6	2	2	144	115	151
AENJPLPP_02144	7	5	9	109	133	144
AENJPLPP_02145	606	555	423	793	993	924
AENJPLPP_02146	491	564	631	2275	3708	2872
AENJPLPP_02148	1068	1193	1096	1518	1944	1687
AENJPLPP_02149	129	105	109	332	432	367
AENJPLPP_02150	1496	1583	1577	988	1421	1193
AENJPLPP_02151	2275	2195	1956	1068	1312	1097
AENJPLPP_02152	694	687	601	392	487	405
AENJPLPP_02153	1013	1058	970	832	945	862
AENJPLPP_02154	2217	2626	2360	1811	2251	2028
AENJPLPP_02155	209	257	217	3877	4730	4109
AENJPLPP_02156	37	42	39	485	696	520
AENJPLPP_02157	122	115	98	880	1239	941
AENJPLPP_02158	36	19	25	317	386	332
AENJPLPP_02159	262	244	285	532	654	589
AENJPLPP_02160	189	166	146	1863	2336	2082
AENJPLPP_02161	79	116	64	631	799	638
AENJPLPP_02162	8	7	5	46	51	40
AENJPLPP_02163	159	149	173	1062	1271	1070
AENJPLPP_02164	100	72	71	470	505	579
AENJPLPP_02165	14	14	15	103	99	148
AENJPLPP_02166	21	15	18	141	165	113
AENJPLPP_02167	94	87	61	485	484	469
AENJPLPP_02168	58	69	48	272	388	275
AENJPLPP_02169	67	77	31	356	415	387
AENJPLPP_02170	64	61	58	253	299	235
AENJPLPP_02171	7	4	2	6	20	16
AENJPLPP_02172	2	4	0	9	8	4
AENJPLPP_02173	5	3	0	10	10	8
AENJPLPP_02174	1	0	0	1	5	0
AENJPLPP_02175	0	2	1	27	4	15
AENJPLPP_02176	0	0	0	1	0	1
AENJPLPP_02177	20	34	35	9	8	3
AENJPLPP_02178	10	10	5	124	163	155
AENJPLPP_02179	35	28	32	170	167	148
AENJPLPP_02180	47	62	25	109	174	198
AENJPLPP_02181	35	20	31	141	173	156
AENJPLPP_02182	197	233	205	859	1070	965
AENJPLPP_02183	59	69	55	545	707	560
AENJPLPP_02184	5	4	11	409	396	335
AENJPLPP_02185	89	83	77	833	961	791
AENJPLPP_02186	17	26	22	705	758	734
AENJPLPP_02187	6	4	10	232	314	250
AENJPLPP_02188	5	0	4	116	118	96
AENJPLPP_02189	4	1	0	64	80	58
AENJPLPP_02190	8	8	15	257	351	307
AENJPLPP_02191	29	22	32	631	721	655
AENJPLPP_02192	2	3	2	104	144	130
AENJPLPP_02193	104	101	121	1858	2377	2052
AENJPLPP_02194	0	1	0	0	0	0
AENJPLPP_02195	21	15	10	131	156	142
AENJPLPP_02196	133	107	127	401	560	465
AENJPLPP_02197	286	394	277	774	860	835
AENJPLPP_02198	197	191	159	404	456	359
AENJPLPP_02199	1	0	1	1	2	5
AENJPLPP_02200	0	0	0	0	2	0
AENJPLPP_02201	0	0	0	0	0	0
AENJPLPP_02202	0	2	0	0	0	0
AENJPLPP_02203	0	1	0	1	1	0
AENJPLPP_02205	8	2	28	4	2	26
AENJPLPP_02206	5	10	3	12	13	9
AENJPLPP_02207	1	1	3	1	1	1
AENJPLPP_02208	30	29	19	52	48	25
AENJPLPP_02209	26	2	1	3	8	5
AENJPLPP_02210	16	15	22	29	18	15
AENJPLPP_02211	27	38	17	51	59	62
AENJPLPP_02212	77	88	86	146	112	131
AENJPLPP_02213	6	7	6	4	6	3
AENJPLPP_02214	57	43	51	74	125	75
AENJPLPP_02215	432	431	464	989	1170	994
AENJPLPP_02216	824	937	780	910	1034	874
AENJPLPP_02217	838	751	729	798	982	809
AENJPLPP_02218	11840	11732	10785	6967	8757	6988
AENJPLPP_02219	11312	10418	9216	10261	12136	10339
AENJPLPP_02220	615	527	488	695	800	761
AENJPLPP_02221	108	96	82	89	73	77
AENJPLPP_02222	34	25	22	12	20	27
AENJPLPP_02223	17	27	17	9	11	20
AENJPLPP_02224	22	32	21	28	16	26
AENJPLPP_02225	21	26	13	4	19	14
AENJPLPP_02226	364	358	287	388	436	411
AENJPLPP_02227	257	291	290	300	401	300
AENJPLPP_02228	1812	1801	1656	1372	1697	1579
AENJPLPP_02229	42	40	41	20	16	15
AENJPLPP_02230	82	63	78	33	47	44
AENJPLPP_02231	8	16	4	11	7	4
AENJPLPP_02232	96	89	60	64	80	83
AENJPLPP_02233	518	421	364	534	576	549
AENJPLPP_02234	3295	1868	1749	2249	2594	2389
AENJPLPP_02235	2611	2216	2373	1563	1844	1521
AENJPLPP_02236	194	183	152	208	277	269
AENJPLPP_02237	2227	1971	1810	2156	2346	2272
AENJPLPP_02238	1482	1912	1507	2394	2743	2485
AENJPLPP_02239	3442	3210	2934	5934	6558	6322
AENJPLPP_02240	7832	9159	7779	2342	3059	2636
AENJPLPP_02241	201	248	206	214	310	309
AENJPLPP_02242	1023	991	927	264	263	317
AENJPLPP_02243	1850	1990	1968	799	952	859
AENJPLPP_02244	122	132	160	74	123	81
AENJPLPP_02245	3007	2902	2439	1554	1785	1598
AENJPLPP_02246	5580	5521	4922	8172	9359	8687
AENJPLPP_02247	1158	1122	1016	1104	1329	1127
AENJPLPP_02248	8772	8933	8262	7141	8989	7844
AENJPLPP_02249	100	116	116	203	249	239
AENJPLPP_02250	461	525	430	586	715	578
AENJPLPP_02251	398	406	385	331	415	332
AENJPLPP_02252	225	209	187	200	231	181
AENJPLPP_02253	95	130	115	25	33	28
AENJPLPP_02254	77	72	57	23	27	23
AENJPLPP_02255	2	4	4	41	61	86
AENJPLPP_02256	2	0	0	6	0	7
AENJPLPP_02257	2	2	2	10	2	2
AENJPLPP_02258	4213	4430	3962	2389	2924	2555
AENJPLPP_02259	6505	6927	6513	2394	2912	2776
AENJPLPP_02260	1180	1110	1003	1457	1640	1468
AENJPLPP_02261	739	770	737	1128	1219	1070
AENJPLPP_02262	4037	4080	3614	6195	6905	6218
AENJPLPP_02263	4412	5139	4459	6058	6725	6087
AENJPLPP_02264	1028	1054	954	1177	1304	1130
AENJPLPP_02265	201	237	231	218	303	237
AENJPLPP_02266	3032	3139	2821	3192	4172	3989
AENJPLPP_02267	164	167	134	139	135	131
AENJPLPP_02268	147	137	165	133	162	147
AENJPLPP_02269	4669	5171	4871	1323	1594	1360
AENJPLPP_02270	13407	13407	11563	5277	6163	5285
AENJPLPP_02271	3353	3083	2969	718	839	732
AENJPLPP_02272	5527	5444	5012	1270	1468	1167
AENJPLPP_02273	894	1111	1143	407	697	460
AENJPLPP_02274	11923	11026	9830	16116	18105	16360
AENJPLPP_02275	3314	3919	3137	12936	14353	13039
AENJPLPP_02276	6592	6389	5629	9039	10779	9646
AENJPLPP_02277	655	737	706	2477	3457	2949
AENJPLPP_02279	815	957	877	3273	4373	3919
AENJPLPP_02280	271	308	265	55	88	56
AENJPLPP_02281	508	631	436	713	1003	899
AENJPLPP_02282	13547	14125	11957	4715	5493	4833
AENJPLPP_02283	251	215	266	628	757	677
AENJPLPP_02284	542	630	557	242	275	266
AENJPLPP_02285	494	522	501	225	331	223
AENJPLPP_02286	1744	1910	1689	780	871	829
AENJPLPP_02287	3594	3416	2965	3898	4045	3955
AENJPLPP_02288	14902	13344	12362	9114	10102	9038
AENJPLPP_02289	7026	7520	6639	2456	2701	2839
AENJPLPP_02290	177	186	183	6905	8946	8099
AENJPLPP_02291	434	511	388	802	788	786
AENJPLPP_02292	2273	1865	1545	254993	295677	260924
AENJPLPP_02293	73	70	80	38	79	83
AENJPLPP_02294	225	193	175	22298	28765	25315
AENJPLPP_02295	253	236	260	20251	26210	21302
AENJPLPP_02296	674	552	556	42432	51487	44026
AENJPLPP_02297	564	517	474	37744	44663	36594
AENJPLPP_02298	824	751	599	52869	63597	53920
AENJPLPP_02299	4456	4587	4228	7762	9998	8925
AENJPLPP_02300	408	723	601	472	910	792
AENJPLPP_02301	40365	39289	36021	21818	24395	22007
AENJPLPP_02302	955	904	961	1009	1266	1221
AENJPLPP_02303	4521	3884	3875	2422	2899	2589
AENJPLPP_02304	2584	2965	2653	1359	1437	1345
AENJPLPP_02305	2526	2482	2298	1530	1554	1328
AENJPLPP_02306	5516	5899	5169	2666	3046	2638
AENJPLPP_02307	924	866	609	30425	39576	37476
AENJPLPP_02308	925	984	901	2569	3044	3197
AENJPLPP_02309	302	310	276	1253	1350	1398
AENJPLPP_02310	19773	19422	17080	233727	235498	242647
AENJPLPP_02311	3869	3764	3558	3721	4133	3680
AENJPLPP_02312	3813	4216	3897	3074	3630	3258
AENJPLPP_02313	17	22	24	60	71	60
AENJPLPP_02314	228	267	214	192	243	213
AENJPLPP_02315	0	6	4	52	51	82
AENJPLPP_02316	24	9	11	60	74	100
AENJPLPP_02317	7	10	16	35	33	35
AENJPLPP_02318	21	47	29	23	15	26
AENJPLPP_02319	111	108	67	22	54	24
AENJPLPP_02320	125	140	119	86	82	47
AENJPLPP_02321	6093	6070	5484	3977	4703	4138
AENJPLPP_02322	3	3	1	2	1	2
AENJPLPP_02323	6892	6016	5416	5358	5628	5242
AENJPLPP_02324	1345	1341	1171	892	956	983
AENJPLPP_02325	177	204	162	16	14	12
AENJPLPP_02326	20164	19579	17212	11971	13948	12752
AENJPLPP_02327	13129	11689	10656	7070	8647	7307
AENJPLPP_02328	4897	4606	4874	29850	30581	27685
AENJPLPP_02329	41	50	37	25	28	26
AENJPLPP_02330	47	54	33	26	17	26
AENJPLPP_02331	26188	24903	22171	27181	30173	28556
AENJPLPP_02332	172	188	173	145	139	157
AENJPLPP_02333	2659	2575	2085	2526	2526	2571
AENJPLPP_02334	2788	2523	2219	2628	2825	2738
AENJPLPP_02335	3630	3702	3101	3759	4229	3665
AENJPLPP_02336	9105	9552	8759	5654	6697	5943
AENJPLPP_02337	10728	11007	10609	10609	12055	11176
AENJPLPP_02338	18	32	32	42	46	57
AENJPLPP_02339	190	224	229	31	40	39
AENJPLPP_02340	4060	3920	3617	982	1155	917
AENJPLPP_02341	2012	1833	2143	8856	11028	8957
AENJPLPP_02342	252	292	275	417	585	465
AENJPLPP_02343	1988	2103	1908	923	1088	860
AENJPLPP_02344	79	63	102	174	168	201
AENJPLPP_02345	2240	2181	1912	2192	2283	2269
AENJPLPP_02346	5301	5249	4977	3121	3751	3194
AENJPLPP_02347	5713	5770	5386	5146	5825	5492
AENJPLPP_02348	2063	2237	2147	1693	2014	1795
AENJPLPP_02349	968	946	844	2036	2326	1994
AENJPLPP_02350	1015	943	929	1833	2134	2040
AENJPLPP_02351	15980	13581	11856	7602	8484	7993
AENJPLPP_02352	1691	1791	1592	1770	2326	1836
AENJPLPP_02353	1868	1732	1743	909	1146	951
AENJPLPP_02354	4231	4070	3878	18708	21947	18559
AENJPLPP_02356	3	0	1	2	9	3
AENJPLPP_02357	0	2	0	4	6	5
AENJPLPP_02358	233	245	259	1396	1777	1449
AENJPLPP_02359	81	97	101	72	76	81
AENJPLPP_02362	284	250	245	1080	1175	1046
AENJPLPP_02363	4025	4055	3438	19226	24291	21567
AENJPLPP_02364	804	729	652	1265	1349	1294
AENJPLPP_02365	2107	2129	1983	2199	2441	2453
AENJPLPP_02366	2847	2686	2415	1098	1245	1309
AENJPLPP_02367	1540	1562	1465	3356	4193	3539
AENJPLPP_02368	2223	1855	1875	4339	4930	4387
AENJPLPP_02369	1717	1870	1519	2700	3276	2967
AENJPLPP_02370	63016	64009	59247	38065	41672	39182
AENJPLPP_02371	5143	5685	4914	1717	1908	1870
AENJPLPP_02372	1667	1761	1601	737	977	843
AENJPLPP_02373	6171	5947	5039	3474	3977	3526
AENJPLPP_02374	236	250	248	1068	1502	1188
AENJPLPP_02375	37641	38064	33790	16743	19303	16642
AENJPLPP_02376	5022	5369	4563	4831	5371	4557
AENJPLPP_02377	2082	1999	1817	2663	3164	2656
AENJPLPP_02378	700	673	606	161	202	186
AENJPLPP_02379	68852	71807	62703	46052	59067	54484
AENJPLPP_02380	24022	25995	23195	16853	18542	17628
AENJPLPP_02381	3763	4778	4317	2106	2840	2539
AENJPLPP_02382	3792	3581	3644	2568	3056	2916
AENJPLPP_02383	6042	6381	5541	4273	4741	4659
AENJPLPP_02384	1306	1147	1103	1514	1700	1698
AENJPLPP_02385	1040	1205	1035	1294	1398	1207
AENJPLPP_02386	8093	8450	7656	3262	3867	3747
AENJPLPP_02387	2460	2720	2676	1193	1565	1355
AENJPLPP_02388	2161	1997	1763	1296	1694	1472
AENJPLPP_02389	2500	2652	2306	2489	2785	2514
AENJPLPP_02390	3403	3361	3012	5172	5764	5174
AENJPLPP_02391	5	5	7	7	5	0
AENJPLPP_02392	192	129	134	589	715	693
AENJPLPP_02393	709	746	616	1316	1503	1455
AENJPLPP_02394	106	92	87	95	121	117
AENJPLPP_02395	22	8	16	22	19	28
AENJPLPP_02396	5	8	10	10	16	13
AENJPLPP_02397	27	14	25	14	30	22
AENJPLPP_02398	180	217	146	228	203	185
AENJPLPP_02399	181	188	184	232	224	224
AENJPLPP_02400	303	293	244	337	457	442
AENJPLPP_02401	6006	6468	5364	8133	9302	8514
AENJPLPP_02402	6678	6977	6033	6331	6848	6476
AENJPLPP_02403	128	139	174	563	770	629
AENJPLPP_02404	171	142	163	109	122	104
AENJPLPP_02405	201	269	224	150	167	145
AENJPLPP_02406	20	29	38	8	8	10
AENJPLPP_02407	362	376	306	254	349	267
AENJPLPP_02408	286	358	309	315	337	255
AENJPLPP_02409	359	392	448	610	802	666
AENJPLPP_02410	1143	1147	1013	1437	1826	1717
AENJPLPP_02412	6278	6543	5730	1850	1972	1840
AENJPLPP_02413	5362	5311	5043	13298	14064	13062
AENJPLPP_02414	11779	10716	9432	27182	29797	28306
AENJPLPP_02415	14959	14045	11931	34505	38770	36093
AENJPLPP_02416	2976	2931	2806	2984	3649	3335
AENJPLPP_02417	1791	1691	1677	1327	1674	1524
AENJPLPP_02418	22	20	10	4	6	7
AENJPLPP_02419	31	34	32	14	21	13
AENJPLPP_02420	6	3	5	2	3	4
AENJPLPP_02421	8	15	31	12	15	9
AENJPLPP_02422	18	9	7	2	2	2
AENJPLPP_02423	48	29	25	10	14	12
AENJPLPP_02424	136	120	97	40	43	73
AENJPLPP_02425	335	339	283	234	243	213
AENJPLPP_02426	128	116	127	52	57	49
AENJPLPP_02427	69	87	68	46	49	54
AENJPLPP_02428	1	5	6	0	2	2
AENJPLPP_02429	26	16	12	6	6	1
AENJPLPP_02430	2	4	0	1	2	3
AENJPLPP_02431	14	10	8	8	8	4
AENJPLPP_02432	91	69	74	58	45	42
AENJPLPP_02433	14	10	8	9	12	8
AENJPLPP_02434	8	12	10	6	10	6
AENJPLPP_02435	5595	5542	5082	3141	3928	3587
AENJPLPP_02436	410	407	331	457	600	502
AENJPLPP_02437	741	625	566	1259	1387	1146
AENJPLPP_02438	50	50	42	32	61	38
AENJPLPP_02439	34	38	50	36	34	32
AENJPLPP_02440	365	427	356	709	883	745
AENJPLPP_02441	317	342	266	448	415	673
AENJPLPP_02442	4	4	2	21	26	24
AENJPLPP_02443	6	14	10	16	10	13
AENJPLPP_02444	7	8	4	3	10	9
AENJPLPP_02445	403	453	371	317	351	366
AENJPLPP_02446	802	865	796	1049	1268	1145
AENJPLPP_02447	635	641	609	619	724	633
AENJPLPP_02448	1017	911	784	636	655	663
AENJPLPP_02449	736	850	660	781	924	741
AENJPLPP_02450	1672	1539	1410	802	898	808
AENJPLPP_02451	52	60	64	20	26	38
AENJPLPP_02452	1352	1287	1159	945	1088	984
AENJPLPP_02453	2369	2775	2548	987	1128	933
AENJPLPP_02454	1439	1514	1403	884	1169	961
AENJPLPP_02455	27171	26426	23143	20850	23172	21035
AENJPLPP_02456	4284	4261	3969	3663	4341	4008
AENJPLPP_02457	4193	4472	3898	4272	4717	4324
AENJPLPP_02458	4171	3929	3705	5112	5801	5198
AENJPLPP_02459	6394	6624	5880	11257	13287	12363
AENJPLPP_02460	3754	3838	3497	3103	3377	3398
AENJPLPP_02461	1251	1311	1199	2286	2427	2374
AENJPLPP_02462	3440	3035	2827	2530	3010	2625
AENJPLPP_02463	16560	16385	14401	13900	15565	13820
AENJPLPP_02464	1990	1917	1939	1934	2385	2074
AENJPLPP_02465	4207	4736	4318	4295	4904	4433
AENJPLPP_02466	10918	10147	8873	12022	13216	12469
AENJPLPP_02467	2957	2841	2580	3062	3466	3046
AENJPLPP_02468	22928	21054	19082	18184	21152	19329
AENJPLPP_02469	24179	21970	19273	24705	27843	25195
AENJPLPP_02470	12882	12003	11193	15413	16990	15709
AENJPLPP_02471	12593	10189	10113	10378	11889	10855
AENJPLPP_02472	188	228	200	84	116	124
AENJPLPP_02473	330	308	265	50	58	65
AENJPLPP_02474	411	377	328	171	213	197
AENJPLPP_02475	3409	3559	3428	8480	11469	10257
AENJPLPP_02476	701	586	531	634	728	696
AENJPLPP_02477	4344	4186	3458	2216	2493	2349
AENJPLPP_02478	3294	3337	2905	2779	3065	2970
AENJPLPP_02479	658	645	562	255	342	329
AENJPLPP_02480	1333	1219	1127	1041	1128	1012
AENJPLPP_02481	39593	35647	32995	13764	15859	13794
AENJPLPP_02482	197	171	166	271	311	284
AENJPLPP_02483	503	642	497	687	841	691
AENJPLPP_02484	723	790	701	936	1198	999
AENJPLPP_02486	1242	1407	1323	4839	5617	4984
AENJPLPP_02487	14989	14711	13955	3470	4368	4491
AENJPLPP_02488	295621	341802	326042	104003	126404	119711
AENJPLPP_02489	141927	134984	123879	65990	78098	72424
AENJPLPP_02490	146147	139845	118611	42237	45708	44061
AENJPLPP_02491	211237	214216	206255	90753	106807	97011
AENJPLPP_02492	1	1	2	1	1	1
AENJPLPP_02493	47	47	47	23	40	31
AENJPLPP_02494	0	2	0	0	2	0
AENJPLPP_02495	2460	2625	2296	4186	4593	4382
AENJPLPP_02496	6894	5266	5353	2878	3904	3463
AENJPLPP_02497	20903	16834	15626	10372	11354	10633
AENJPLPP_02498	2006	1981	1777	2755	3017	2686
AENJPLPP_02499	1467	1809	1517	3057	3291	2906
AENJPLPP_02500	3123	3538	3659	3894	5077	4458
AENJPLPP_02501	1735	1829	1550	2270	2527	2407
AENJPLPP_02502	14285	13787	11805	17117	19306	17623
AENJPLPP_02503	2045	2328	2145	2061	2739	2356
AENJPLPP_02504	12378	12962	12308	9266	11271	10282
AENJPLPP_02505	4021	4182	3753	2915	3295	2988
AENJPLPP_02506	11344	10925	10188	7238	7975	7119
AENJPLPP_02507	6586	6929	6843	5119	6070	4735
AENJPLPP_02508	39042	40869	36566	32976	37756	33059
AENJPLPP_02509	27620	29777	23523	16955	20673	17081
AENJPLPP_02510	32373	35001	32163	26449	29751	26067
AENJPLPP_02511	15031	14596	12326	14878	15658	14009
AENJPLPP_02512	3133	2788	2881	3202	3824	3661
AENJPLPP_02513	32033	33975	30313	30100	32758	32156
AENJPLPP_02514	2095	1752	1669	2005	2106	2134
AENJPLPP_02515	833	775	760	915	941	1044
AENJPLPP_02516	791	607	619	776	939	864
AENJPLPP_02517	336	345	268	328	410	343
AENJPLPP_02518	1213	995	1091	288	339	338
AENJPLPP_02521	1877	2285	1990	8277	11596	11055
AENJPLPP_02522	1364	1313	1298	1566	1936	1708
AENJPLPP_02523	791	968	878	1120	1207	1071
AENJPLPP_02524	315	303	296	263	321	286
AENJPLPP_02525	795	814	778	831	1103	1134
AENJPLPP_02526	174	185	132	63	61	71
AENJPLPP_02527	148	138	163	67	60	66
AENJPLPP_02528	14691	16500	13345	65474	77613	73944
AENJPLPP_02529	30093	28994	25783	35556	40641	36475
AENJPLPP_02530	6782	6153	5565	4416	4823	4353
AENJPLPP_02531	7734	7096	6362	8634	10386	9493
AENJPLPP_02532	6546	6885	6397	12511	12831	11723
AENJPLPP_02533	2482	2460	2246	2849	3331	3112
AENJPLPP_02534	2241	2132	1880	2567	2836	2369
AENJPLPP_02535	3084	2880	2602	5541	6598	5900
AENJPLPP_02536	1978	1912	1700	4606	4901	4419
AENJPLPP_02537	4390	4486	4196	8003	9790	8549
AENJPLPP_02538	4319	4192	3902	6769	7673	6736
AENJPLPP_02539	4969	6303	5501	9070	10537	9540
AENJPLPP_02540	489	474	453	325	417	393
AENJPLPP_02541	235	225	235	81	139	103
AENJPLPP_02542	15844	15814	15206	18826	20870	19376
AENJPLPP_02543	3146	3229	2862	3517	4481	4407
AENJPLPP_02544	308	290	310	444	493	459
AENJPLPP_02545	0	0	1	0	0	1
AENJPLPP_02546	4364	4036	3358	4818	4788	4610
AENJPLPP_02547	2681	3002	2594	2638	3237	3034
AENJPLPP_02548	9398	9022	8124	13040	14825	13627
AENJPLPP_02549	10114	10427	9203	15521	17107	15679
AENJPLPP_02550	1600	1667	1520	3441	4115	3782
AENJPLPP_02551	11581	11427	9548	39476	34840	33089
AENJPLPP_02552	7968	7943	7616	7031	8434	7209
AENJPLPP_02553	27536	28191	25600	17387	20231	18430
AENJPLPP_02554	17682	18405	16063	32303	38088	35020
AENJPLPP_02555	6928	7116	6305	911	1083	845
AENJPLPP_02556	1	3	1	1	2	0
AENJPLPP_02557	778	925	861	665	831	843
AENJPLPP_02558	7790	10156	8011	4386	5016	4787
AENJPLPP_02559	3520	3114	3014	2372	2534	2618
AENJPLPP_02560	1934	1880	1694	5781	6682	6271
AENJPLPP_02561	1941	1928	1719	5519	6518	6018
AENJPLPP_02562	56	39	34	75	59	75
AENJPLPP_02563	198	213	166	129	153	182
AENJPLPP_02564	160	243	204	141	160	160
AENJPLPP_02565	439	405	348	1614	1876	1689
AENJPLPP_02566	580	591	492	1435	1599	1351
AENJPLPP_02567	8821	8304	7702	5824	6303	6167
AENJPLPP_02568	28138	26238	22034	15588	16590	16158
AENJPLPP_02569	912	900	916	418	558	473
AENJPLPP_02570	1134	1238	1146	913	1117	1062
AENJPLPP_02571	1292	1119	1042	415	383	452
AENJPLPP_02572	98771	110938	101601	81287	104597	90184
AENJPLPP_02573	78719	87248	78945	77961	81935	78803
AENJPLPP_02574	246	264	213	120	196	207
AENJPLPP_02575	5150	4858	4183	5898	6426	5650
AENJPLPP_02576	15985	16569	14208	18692	20218	18026
AENJPLPP_02577	2755	2942	2634	3367	4035	3662
AENJPLPP_02578	2384	2230	2045	2386	2551	2348
AENJPLPP_02579	12791	12330	10609	10941	12322	10888
AENJPLPP_02580	1857	1806	1567	1162	1430	1192
AENJPLPP_02581	5972	6244	5540	506	594	602
AENJPLPP_02582	25253	25563	22866	4960	6070	5022
AENJPLPP_02583	2571	2668	2506	767	925	783
AENJPLPP_02584	6659	6947	5705	2522	3122	2651
AENJPLPP_02585	4250	4618	4111	1941	2395	2168
AENJPLPP_02586	3335	2980	2619	1536	1696	1671
AENJPLPP_02587	2369	2573	2229	675	814	665
AENJPLPP_02588	4468	4258	3875	1494	1702	1565
AENJPLPP_02589	2746	2264	1978	1015	1190	1043
AENJPLPP_02590	2092	2144	1725	912	1085	898
AENJPLPP_02591	5609	5279	4944	2650	3099	2547
AENJPLPP_02592	3034	3229	2723	1419	1518	1367
AENJPLPP_02593	2896	3005	2506	844	915	779
AENJPLPP_02594	1352	1533	1194	306	375	325
AENJPLPP_02595	2613	2517	2165	669	810	732
AENJPLPP_02596	1596	1486	1402	505	608	469
AENJPLPP_02597	2364	2499	2059	750	1019	824
AENJPLPP_02598	1350	1163	1080	496	649	542
AENJPLPP_02599	1379	1104	1016	433	468	461
AENJPLPP_02600	1798	1663	1553	779	986	898
AENJPLPP_02601	67	50	32	68	56	49
AENJPLPP_02602	1385	1319	1185	608	691	558
AENJPLPP_02603	2385	3066	2401	1420	1539	1421
AENJPLPP_02604	26	17	19	56	88	83
AENJPLPP_02605	26	16	20	78	109	133
AENJPLPP_02606	20	36	18	47	56	52
AENJPLPP_02607	8	10	14	12	11	14
AENJPLPP_02608	18	16	28	25	42	22
AENJPLPP_02609	11275	11549	11265	2263	2579	2433
AENJPLPP_02610	790	621	555	4490	5111	4605
AENJPLPP_02611	1715	1363	1277	2017	2382	1844
AENJPLPP_02612	5442	5248	4806	14732	16454	15813
AENJPLPP_02613	9628	9666	8398	9398	10814	10029
AENJPLPP_02614	1149	922	916	395	419	407
AENJPLPP_02615	2369	2514	2192	2842	3389	3064
AENJPLPP_02616	14774	14889	13513	5317	6695	5864
AENJPLPP_02617	31	52	41	50	76	56
AENJPLPP_02618	4114	3838	3014	20257	22354	20485
AENJPLPP_02619	88	104	105	51	89	71
AENJPLPP_02620	230	144	208	163	151	188
AENJPLPP_02621	28030	23140	26339	15179	18525	17710
AENJPLPP_02622	6487	6653	6022	3719	4218	3846
AENJPLPP_02623	3784	2908	2841	2281	2580	2364
AENJPLPP_02624	14294	13492	12202	8324	8958	8083
AENJPLPP_02625	17346	18047	16886	9673	12182	10106
AENJPLPP_02626	945	899	815	958	1113	1073
AENJPLPP_02627	617	573	599	709	794	820
AENJPLPP_02628	205	157	156	230	288	271
AENJPLPP_02629	2178	2018	1888	2838	3190	2947
AENJPLPP_02630	16759	18072	17367	5994	8008	6647
AENJPLPP_02631	0	0	0	1	1	1
AENJPLPP_02632	54	65	52	175	215	180
AENJPLPP_02633	758	857	667	486	562	536
AENJPLPP_02634	307	332	251	332	317	298
AENJPLPP_02635	3361	3774	3111	3453	3805	3680
AENJPLPP_02636	3822	4351	3939	5674	6829	6147
AENJPLPP_02637	20	17	23	45	50	61
AENJPLPP_02638	68	72	86	229	211	177
AENJPLPP_02639	12	12	3	61	72	60
AENJPLPP_02640	0	5	4	24	30	35
AENJPLPP_02641	26	31	46	216	157	174
AENJPLPP_02642	56	56	59	73	84	123
AENJPLPP_02643	26	44	39	28	42	39
AENJPLPP_02644	3865	4043	3621	3516	4578	3976
AENJPLPP_02645	12	13	11	2	1	9
AENJPLPP_02646	6	10	4	4	4	7
AENJPLPP_02647	1	4	2	1	3	0
AENJPLPP_02648	1	1	3	1	1	1
AENJPLPP_02649	6	6	4	7	1	2
AENJPLPP_02650	1	1	2	1	3	2
AENJPLPP_02651	44	32	37	19	15	16
AENJPLPP_02652	520	577	490	141	148	128
AENJPLPP_02653	181	175	161	708	925	719
AENJPLPP_02654	3	5	2	3	3	1
AENJPLPP_02655	6365	6113	5510	6714	7996	7198
AENJPLPP_02656	10	18	12	6	7	7
AENJPLPP_02657	0	1	0	0	1	0
AENJPLPP_02658	73	89	96	89	86	90
AENJPLPP_02659	238	285	298	218	230	280
AENJPLPP_02660	1044	931	1122	249	337	290
AENJPLPP_02661	585	474	474	1384	1692	1521
AENJPLPP_02662	10	8	16	1	7	5
AENJPLPP_02663	18	16	16	4	24	2
AENJPLPP_02664	1559	1574	1345	497	632	490
AENJPLPP_02665	5200	4880	4593	11179	12292	11270
AENJPLPP_02666	1717	1906	1622	3374	4006	3545
AENJPLPP_02667	3288	2814	2506	2918	3620	3334
AENJPLPP_02668	1693	1675	1446	1601	1866	1736
AENJPLPP_02669	10347	9845	8826	10097	12697	11185
AENJPLPP_02670	925	918	736	576	645	615
AENJPLPP_02671	917	903	782	564	742	689
AENJPLPP_02672	1163	1170	981	1430	1592	1515
AENJPLPP_02673	36283	42846	46769	8618	9229	9052
AENJPLPP_02674	10239	8656	9015	1241	1745	1507
AENJPLPP_02675	719	844	669	631	642	604
AENJPLPP_02676	1968	2461	2458	1304	1484	1265
AENJPLPP_02677	5636	5361	4872	4048	4434	4187
AENJPLPP_02678	26508	35707	33105	6682	9758	7852
AENJPLPP_02679	548	457	439	120	159	122
AENJPLPP_02680	36	16	36	18	36	26
AENJPLPP_02681	4	0	2	0	0	0
AENJPLPP_02682	2	3	1	7	4	1
AENJPLPP_02683	2	0	0	2	3	3
AENJPLPP_02684	78	64	76	55	76	63
AENJPLPP_02685	3	4	2	5	7	4
AENJPLPP_02686	118	66	74	43	84	61
AENJPLPP_02687	19	22	19	12	4	4
AENJPLPP_02688	0	2	0	0	0	2
AENJPLPP_02689	2	4	2	6	5	2
AENJPLPP_02690	1	2	0	0	0	0
AENJPLPP_02691	2	0	2	0	0	0
AENJPLPP_02692	8	18	13	7	5	4
AENJPLPP_02693	2026	1881	1863	3325	3806	3362
AENJPLPP_02694	736	651	629	1502	1672	1490
AENJPLPP_02695	19	30	26	11	13	6
AENJPLPP_02696	43	77	50	34	29	33
AENJPLPP_02697	0	1	0	2	0	0
AENJPLPP_02698	55	64	77	22	36	18
AENJPLPP_02699	38	16	13	8	6	12
AENJPLPP_02700	12	5	8	2	2	2
AENJPLPP_02701	81	139	116	43	41	37
AENJPLPP_02702	238	266	252	104	119	105
AENJPLPP_02703	48	52	48	8	16	20
AENJPLPP_02704	26	22	8	41	48	43
AENJPLPP_02705	1384	1525	1467	90	118	131
AENJPLPP_02706	1078	1192	952	212	256	243
AENJPLPP_02707	2195	2145	1906	433	456	490
AENJPLPP_02708	5914	5135	4784	3065	3150	2868
AENJPLPP_02709	298	320	264	188	248	196
AENJPLPP_02710	48	84	42	56	64	56
AENJPLPP_02711	34	26	20	19	14	15
AENJPLPP_02712	53	33	40	44	40	53
AENJPLPP_02713	32	27	20	10	32	27
AENJPLPP_02714	9	7	7	5	4	10
AENJPLPP_02715	18	23	24	28	22	25
AENJPLPP_02716	33	30	30	51	56	54
AENJPLPP_02717	20	21	14	17	29	30
AENJPLPP_02718	28	45	18	21	15	25
AENJPLPP_02719	123	119	80	71	114	73
AENJPLPP_02720	93	80	75	59	59	70
AENJPLPP_02721	11	4	12	6	12	13
AENJPLPP_02722	5	5	3	0	5	9
AENJPLPP_02723	1095	1274	1247	2942	3615	3352
AENJPLPP_02724	8	12	7	10	10	10
AENJPLPP_02725	4	4	1	8	7	4
AENJPLPP_02726	70	43	65	38	43	53
AENJPLPP_02727	132	144	124	132	140	85
AENJPLPP_02728	1362	1395	1268	2002	2376	2225
AENJPLPP_02729	108	112	126	257	306	309
AENJPLPP_02730	99	97	76	67	59	48
AENJPLPP_02731	14	15	17	13	10	14
AENJPLPP_02732	15	28	34	18	21	7
AENJPLPP_02733	11	16	10	10	14	10
AENJPLPP_02734	85	51	68	70	80	70
AENJPLPP_02735	12	2	8	6	16	2
AENJPLPP_02736	4	2	0	2	3	8
AENJPLPP_02737	1595	1608	1569	558	698	614
AENJPLPP_02738	125	144	122	55	66	86
AENJPLPP_02739	562	375	351	363	408	311
AENJPLPP_02740	322	281	242	282	331	311
AENJPLPP_02741	584	747	505	640	800	769
AENJPLPP_02742	568	604	506	605	667	589
AENJPLPP_02743	1	0	4	1	0	0
AENJPLPP_02744	20	28	23	0	7	9
AENJPLPP_02745	5	12	0	2	11	1
AENJPLPP_02746	20	42	23	44	36	49
AENJPLPP_02747	5535	5668	4741	640	829	705
AENJPLPP_02748	1448	1084	955	161	243	207
AENJPLPP_02749	4268	4562	3947	965	1109	969
AENJPLPP_02750	1865	1950	1810	1906	2289	2094
AENJPLPP_02751	385	319	269	6282	5794	6459
AENJPLPP_02752	13	23	25	28	50	47
AENJPLPP_02753	3	0	2	6	3	2
AENJPLPP_02754	0	0	0	1	0	0
AENJPLPP_02756	35	37	34	16	1	14
AENJPLPP_02757	7	7	6	1	0	3
AENJPLPP_02758	611	734	661	320	372	286
AENJPLPP_02759	1472	1704	1500	535	522	519
AENJPLPP_02760	282	207	221	739	751	713
AENJPLPP_02761	185	195	207	445	482	473
AENJPLPP_02762	64	63	60	122	174	161
AENJPLPP_02763	281	242	168	691	710	830
AENJPLPP_02764	353	387	362	570	724	751
AENJPLPP_02765	513	631	488	657	789	774
AENJPLPP_02766	106	103	98	402	520	447
AENJPLPP_02767	856	876	781	3418	3975	3802
AENJPLPP_02768	389	306	322	1420	1417	1616
AENJPLPP_02769	321	359	277	1654	1889	1689
AENJPLPP_02770	96	108	112	264	323	344
AENJPLPP_02771	871	941	833	2781	3438	3100
AENJPLPP_02772	242	233	214	741	758	787
AENJPLPP_02773	235	236	158	255	322	321
AENJPLPP_02774	88	68	82	229	271	249
AENJPLPP_02775	623	619	566	1257	1300	1310
AENJPLPP_02776	323	431	337	1015	1214	966
AENJPLPP_02777	6	5	6	6	11	14
AENJPLPP_02778	152	153	112	270	364	325
AENJPLPP_02779	89	65	69	143	159	123
AENJPLPP_02780	3	0	2	3	0	0
AENJPLPP_02781	4	5	8	0	0	6
AENJPLPP_02782	1	1	0	0	0	2
AENJPLPP_02783	18	18	12	14	19	20
AENJPLPP_02784	60	57	68	103	122	86
AENJPLPP_02785	87	102	62	193	224	185
AENJPLPP_02786	143	128	113	284	269	292
AENJPLPP_02787	13	12	15	35	31	25
AENJPLPP_02788	255	252	206	406	454	453
AENJPLPP_02789	35	63	38	71	77	86
AENJPLPP_02790	25	55	48	73	104	62
AENJPLPP_02791	48	31	32	59	83	101
AENJPLPP_02792	213	223	193	554	567	520
AENJPLPP_02793	35	38	26	107	118	95
AENJPLPP_02794	46	52	15	118	141	128
AENJPLPP_02795	1	1	1	0	4	5
AENJPLPP_02796	297	325	307	635	875	763
AENJPLPP_02797	175	195	204	417	543	452
AENJPLPP_02798	241	198	180	403	525	469
AENJPLPP_02799	30	43	46	98	125	100
AENJPLPP_02800	832	760	764	1478	1653	1480
AENJPLPP_02801	1474	1522	1325	2424	2668	2365
AENJPLPP_02802	231	259	239	356	394	382
AENJPLPP_02803	796	641	592	1523	1552	1521
AENJPLPP_02804	44	39	29	119	130	88
AENJPLPP_02805	3	8	0	0	3	8
AENJPLPP_02806	3	3	2	3	6	9
AENJPLPP_02807	0	3	0	5	1	1
AENJPLPP_02808	2	8	10	3	3	7
AENJPLPP_02809	14	15	7	25	29	27
AENJPLPP_02810	10	3	3	12	15	19
AENJPLPP_02811	14	22	14	23	33	44
AENJPLPP_02812	27	24	21	22	10	28
AENJPLPP_02813	39	48	53	11	29	22
AENJPLPP_02814	6	0	4	4	10	2
AENJPLPP_02815	3	5	0	9	3	9
AENJPLPP_02816	1799	1988	1633	2031	2476	2355
AENJPLPP_02817	315	322	301	177	228	199
AENJPLPP_02818	1796	1539	1405	538	716	733
AENJPLPP_02819	128	164	151	73	74	66
AENJPLPP_02820	614	635	597	242	294	239
AENJPLPP_02821	1754	1928	1467	935	1111	957
AENJPLPP_02822	1005	884	714	535	640	505
AENJPLPP_02823	6330	6806	6304	11737	14421	12746
AENJPLPP_02824	21	11	17	20	14	11
AENJPLPP_02825	11	5	26	14	27	23
AENJPLPP_02826	360	440	355	225	222	185
AENJPLPP_02827	417	505	419	498	568	480
AENJPLPP_02828	67	112	85	558	759	720
AENJPLPP_02829	22	30	28	153	201	146
AENJPLPP_02830	1906	1768	1540	276	315	255
AENJPLPP_02831	123	174	120	215	235	247
AENJPLPP_02832	8816	10201	9217	149	224	262
AENJPLPP_02833	16328	17775	15663	1788	2168	2001
AENJPLPP_02834	5650	5527	5077	584	806	624
AENJPLPP_02835	362	403	444	516	712	624
AENJPLPP_02836	279	257	262	281	403	365
AENJPLPP_02837	62	106	76	56	70	65
AENJPLPP_02838	14	7	11	15	10	11
AENJPLPP_02839	5	9	19	10	6	7
AENJPLPP_02840	214	191	193	119	126	113
AENJPLPP_02841	1124	1088	1011	465	533	516
AENJPLPP_02842	598	579	599	135	178	112
AENJPLPP_02843	1016	888	875	416	545	435
AENJPLPP_02844	0	1	1	0	3	3
AENJPLPP_02845	248	235	256	119	209	167
AENJPLPP_02846	1	3	4	10	3	7
AENJPLPP_02847	1923	2169	1844	3408	3610	3319
AENJPLPP_02848	1635	1863	1542	889	1034	961
AENJPLPP_02849	2	3	8	11	9	12
AENJPLPP_02850	283	277	280	275	339	306
AENJPLPP_02851	325	396	300	555	720	588
AENJPLPP_02852	1005	999	872	1685	1814	1659
AENJPLPP_02853	2639	2829	2525	3370	3996	3642
AENJPLPP_02854	1020	1192	1016	830	956	782
AENJPLPP_02855	6	12	8	52	40	32
AENJPLPP_02856	2	5	4	2	12	3
AENJPLPP_02857	2	3	0	8	6	0
AENJPLPP_02858	18	19	18	32	45	39
AENJPLPP_02859	800	782	707	387	476	421
AENJPLPP_02860	36	54	28	53	45	42
AENJPLPP_02861	223	234	205	152	209	167
AENJPLPP_02862	871	867	744	735	1009	819
AENJPLPP_02863	258	248	256	308	398	292
AENJPLPP_02864	21	16	10	29	44	42
AENJPLPP_02865	5	4	5	4	2	7
AENJPLPP_02866	2	0	0	0	2	0
AENJPLPP_02867	2	2	0	3	2	0
AENJPLPP_02868	388	389	386	287	308	276
AENJPLPP_02869	336	330	270	202	247	198
AENJPLPP_02870	8	14	5	6	5	3
AENJPLPP_02871	1	2	1	9	4	0
AENJPLPP_02872	118	137	185	384	421	374
AENJPLPP_02873	13101	11830	10259	4159	5137	4440
AENJPLPP_02874	7	6	5	17	12	12
AENJPLPP_02875	1782	1677	1563	648	838	676
AENJPLPP_02876	3254	3011	2840	1093	1392	1277
AENJPLPP_02877	393	432	402	107	176	120
AENJPLPP_02878	720	660	748	249	277	242
AENJPLPP_02879	93	94	113	64	55	49
AENJPLPP_02880	88	70	66	51	55	52
AENJPLPP_02881	257	264	231	129	165	190
AENJPLPP_02882	173	180	193	145	218	186
AENJPLPP_02883	62	51	39	36	51	43
AENJPLPP_02884	131	111	137	107	158	150
AENJPLPP_02885	26	34	33	23	43	19
AENJPLPP_02886	24	18	15	12	15	20
AENJPLPP_02887	241	230	199	1152	1326	1560
AENJPLPP_02888	230	242	217	348	317	429
AENJPLPP_02889	42	51	42	21	28	38
AENJPLPP_02890	266	231	211	445	505	457
AENJPLPP_02891	134	104	130	256	264	270
AENJPLPP_02892	77	90	104	226	313	278
AENJPLPP_02893	114	110	109	350	318	292
AENJPLPP_02894	283	286	285	651	709	675
AENJPLPP_02895	666	670	610	1925	2246	1907
AENJPLPP_02896	439	465	449	1244	1584	1433
AENJPLPP_02897	243	231	199	590	665	623
AENJPLPP_02898	61	56	64	20	18	25
AENJPLPP_02899	13	15	2	48	51	76
AENJPLPP_02900	0	2	0	3	2	5
AENJPLPP_02901	42	32	38	14	18	8
AENJPLPP_02902	60	103	81	144	237	202
AENJPLPP_02903	71	82	59	49	58	68
AENJPLPP_02904	163	175	128	102	126	123
AENJPLPP_02905	4856	4880	4440	2910	3288	2955
AENJPLPP_02906	711	583	529	435	425	394
AENJPLPP_02907	558	588	508	471	497	463
AENJPLPP_02908	228	244	171	304	327	287
AENJPLPP_02909	364	351	310	658	726	763
AENJPLPP_02910	1001	1030	977	885	1009	863
AENJPLPP_02911	946	1016	988	615	787	618
AENJPLPP_02912	115	114	141	99	106	92
AENJPLPP_02913	817	748	686	819	812	843
AENJPLPP_02914	231	294	271	77	100	95
AENJPLPP_02915	1080	1048	998	865	973	928
AENJPLPP_02916	360	280	247	125	197	114
AENJPLPP_02917	93	126	80	76	129	110
AENJPLPP_02918	4	1	1	7	5	10
AENJPLPP_02919	801	671	698	855	910	783
AENJPLPP_02920	29	37	21	22	18	18
AENJPLPP_02921	1409	1479	1316	1496	1777	1532
AENJPLPP_02922	45	48	46	59	123	115
AENJPLPP_02923	28	28	18	77	73	67
AENJPLPP_02924	128	109	125	532	607	558
AENJPLPP_02925	100	97	71	402	487	340
AENJPLPP_02926	363	290	331	5863	6594	5544
AENJPLPP_02927	1128	1129	917	20931	23939	19964
AENJPLPP_02928	1908	1917	1593	63874	71520	62414
AENJPLPP_02929	161	192	183	95	114	122
AENJPLPP_02930	16	12	15	10	18	22
AENJPLPP_02931	31	37	26	18	39	22
AENJPLPP_02932	3	3	4	3	3	9
AENJPLPP_02933	343	328	305	286	337	304
AENJPLPP_02934	530	522	562	600	813	664
AENJPLPP_02935	603	610	512	675	791	658
AENJPLPP_02936	821	886	908	921	1130	1078
AENJPLPP_02937	269	290	284	490	613	473
AENJPLPP_02938	16	36	30	14	14	29
AENJPLPP_02939	4110	4365	3583	3943	4644	4291
AENJPLPP_02940	4533	4676	4132	5132	5792	5559
AENJPLPP_02941	3736	3958	3417	28020	30651	28941
AENJPLPP_02942	47	47	48	245	286	259
AENJPLPP_02943	90	89	73	80	66	69
AENJPLPP_02944	11	16	19	4	24	17
AENJPLPP_02945	0	1	0	1	0	1
AENJPLPP_02946	6	16	12	13	10	15
AENJPLPP_02947	31	33	26	43	49	46
AENJPLPP_02948	276	260	232	212	217	180
AENJPLPP_02949	561	536	561	667	765	700
AENJPLPP_02950	120	116	128	327	363	343
AENJPLPP_02951	30	36	25	125	126	107
AENJPLPP_02952	256	272	291	203	215	211
AENJPLPP_02953	127	117	87	122	136	137
AENJPLPP_02954	559	553	520	646	727	640
AENJPLPP_02955	2	10	14	7	5	5
AENJPLPP_02956	359	368	345	720	793	831
AENJPLPP_02957	70	84	91	360	446	432
AENJPLPP_02958	86	96	82	739	789	891
AENJPLPP_02959	132	107	108	1806	1779	2131
AENJPLPP_02960	39	30	23	829	1002	967
AENJPLPP_02961	116	152	118	1809	2027	2092
AENJPLPP_02962	147	140	142	62	77	79
AENJPLPP_02963	43	53	37	59	75	84
AENJPLPP_02964	3	1	1	5	3	9
AENJPLPP_02965	582	663	510	472	549	593
AENJPLPP_02966	137	136	160	132	201	180
AENJPLPP_02967	197	267	216	727	957	919
AENJPLPP_02968	731	675	698	2119	2755	2310
AENJPLPP_02969	4	2	8	16	9	19
AENJPLPP_02970	179	129	165	64	78	74
AENJPLPP_02971	151	107	91	43	46	55
AENJPLPP_02972	426	281	301	185	176	231
AENJPLPP_02973	154	138	149	63	85	84
AENJPLPP_02974	520	453	447	255	297	374
AENJPLPP_02975	360	331	307	121	133	153
AENJPLPP_02976	142	129	137	56	52	78
AENJPLPP_02977	22	26	37	18	10	3
AENJPLPP_02978	114	78	89	35	49	67
AENJPLPP_02979	78	69	81	26	36	45
AENJPLPP_02980	146	126	115	60	83	105
AENJPLPP_02981	109	104	84	42	50	52
AENJPLPP_02982	4604	5096	4213	1783	2319	2012
AENJPLPP_02983	109	173	126	14	28	23
AENJPLPP_02984	805	888	864	436	540	466
AENJPLPP_02985	750	816	815	262	278	284
AENJPLPP_02986	23	27	28	10	17	9
AENJPLPP_02987	414	349	335	319	393	281
AENJPLPP_02988	42	66	51	39	56	14
AENJPLPP_02989	823	721	536	605	731	654
AENJPLPP_02990	1966	1646	1424	1924	2358	2048
AENJPLPP_02991	304	328	306	120	147	118
AENJPLPP_02992	2494	3022	2232	13055	15237	14496
AENJPLPP_02993	4925	6008	5152	15755	22172	18669
AENJPLPP_02994	208	198	175	111	184	132
AENJPLPP_02995	14	11	20	9	16	20
AENJPLPP_02996	20	19	23	24	20	16
AENJPLPP_02997	111	123	90	45	55	61
AENJPLPP_02998	31	34	28	7	16	4
AENJPLPP_02999	14	10	12	17	9	15
AENJPLPP_03000	5	14	11	4	0	8
AENJPLPP_03001	394	417	395	1154	1271	1122
AENJPLPP_03002	784	680	625	622	690	601
AENJPLPP_03003	904	1121	878	810	817	747
AENJPLPP_03004	591	535	516	250	272	217
AENJPLPP_03005	10	8	11	11	8	5
AENJPLPP_03006	245	255	227	99	123	124
AENJPLPP_03007	172	145	166	43	53	60
AENJPLPP_03008	170	118	148	94	114	75
AENJPLPP_03009	0	1	1	3	1	4
AENJPLPP_03010	0	0	0	0	0	0
AENJPLPP_03011	36	16	20	7	8	13
AENJPLPP_03012	143	98	83	54	68	47
AENJPLPP_03013	1	10	6	7	5	9
AENJPLPP_03014	30	18	30	21	22	12
AENJPLPP_03015	132	123	110	57	69	73
AENJPLPP_03016	59	39	61	10	17	34
AENJPLPP_03017	91	92	77	443	445	416
AENJPLPP_03018	58	59	57	246	235	237
AENJPLPP_03019	10	24	10	42	58	60
AENJPLPP_03020	32	35	29	26	39	30
AENJPLPP_03021	40	41	33	16	21	19
AENJPLPP_03022	52	64	54	24	54	18
AENJPLPP_03023	76	71	55	27	31	34
AENJPLPP_03024	137	109	111	25	40	37
AENJPLPP_03025	66	30	36	14	8	12
AENJPLPP_03026	3	1	0	0	0	0
AENJPLPP_03027	0	0	0	0	0	0
AENJPLPP_03028	0	0	0	0	0	0
AENJPLPP_03029	2	0	2	0	0	0
AENJPLPP_03030	0	0	0	0	0	0
AENJPLPP_03031	2	0	0	0	0	0
AENJPLPP_03032	0	0	0	0	0	0
AENJPLPP_03033	0	0	0	0	0	0
AENJPLPP_03034	0	0	0	0	2	0
AENJPLPP_03035	4	4	6	2	1	2
AENJPLPP_03036	0	0	1	0	1	0
AENJPLPP_03037	0	0	0	0	0	0
AENJPLPP_03038	1	2	1	2	4	4
AENJPLPP_03039	7	9	7	3	1	2
AENJPLPP_03040	27	48	32	26	19	26
AENJPLPP_03041	172	135	135	74	71	70
AENJPLPP_03042	7	12	5	5	8	7
AENJPLPP_03043	58	53	54	89	74	74
AENJPLPP_03044	315	312	297	449	548	468
AENJPLPP_03045	308	226	231	591	620	599
AENJPLPP_03046	158	134	132	253	260	297
AENJPLPP_03047	1128	950	904	2020	2791	2286
AENJPLPP_03048	132	163	169	614	679	734
AENJPLPP_03049	162	178	152	308	355	312
AENJPLPP_03050	8411	8823	7345	18168	23728	21964
AENJPLPP_03051	99	81	87	35	18	40
AENJPLPP_03052	641	581	543	376	578	421
AENJPLPP_03053	185	190	183	158	219	169
AENJPLPP_03054	1129	1150	1032	1376	1494	1395
AENJPLPP_03055	64	41	63	79	106	96
AENJPLPP_03056	45	49	52	190	255	397
AENJPLPP_03057	685	599	523	680	803	789
AENJPLPP_03058	839	741	649	854	1025	987
AENJPLPP_03059	53614	50596	43478	246127	316356	284178
AENJPLPP_03060	11481	11589	10448	61435	71647	62074
AENJPLPP_03061	2693	2636	2299	3687	4557	3942
AENJPLPP_03062	663	593	544	1154	1524	1206
AENJPLPP_03063	745	588	564	1728	2118	1961
AENJPLPP_03064	240	201	205	351	433	365
AENJPLPP_03065	3587	3913	3224	5042	5930	5404
AENJPLPP_03066	33	47	32	57	78	82
AENJPLPP_03067	571	506	409	1055	1068	1017
AENJPLPP_03068	712	768	718	352	443	359
AENJPLPP_03069	18	41	51	14	20	19
AENJPLPP_03070	567	599	535	341	501	403
AENJPLPP_03071	1356	1339	1197	937	1077	976
AENJPLPP_03072	216	206	257	602	780	612
AENJPLPP_03073	140	96	103	214	243	204
AENJPLPP_03074	783	882	691	1393	1679	1446
AENJPLPP_03075	109	106	81	93	101	66
AENJPLPP_03076	3	1	9	6	18	7
AENJPLPP_03077	20	21	15	13	54	54
AENJPLPP_03078	1636	1701	1373	1741	2188	2078
AENJPLPP_03079	3292	3564	3339	3729	4274	3992
AENJPLPP_03080	365	314	349	161	183	136
AENJPLPP_03081	144	98	110	71	68	66
AENJPLPP_03082	4	4	4	6	6	8
AENJPLPP_03083	61	69	60	91	81	67
AENJPLPP_03084	139	105	85	164	210	186
AENJPLPP_03085	304	221	250	585	606	593
AENJPLPP_03086	170	134	128	258	257	287
AENJPLPP_03087	0	0	0	0	0	0
AENJPLPP_03088	0	2	0	0	0	0
AENJPLPP_03089	0	0	0	0	0	0
AENJPLPP_03090	0	3	0	2	0	2
AENJPLPP_03091	2	4	0	0	1	2
AENJPLPP_03092	0	0	1	0	0	0
AENJPLPP_03093	0	0	0	0	0	0
AENJPLPP_03094	0	0	0	0	0	0
AENJPLPP_03095	184	171	154	59	89	85
AENJPLPP_03096	248	264	216	80	106	107
AENJPLPP_03097	24	20	20	35	51	47
AENJPLPP_03098	44	52	29	78	130	85
AENJPLPP_03099	59	49	51	16	33	25
AENJPLPP_03100	223	146	143	51	57	56
AENJPLPP_03101	46	45	32	29	20	34
AENJPLPP_03102	14	18	10	3	5	8
AENJPLPP_03103	124	115	111	24	46	65
AENJPLPP_03104	32	32	33	5	6	10
AENJPLPP_03105	50	36	53	9	9	11
AENJPLPP_03106	213	132	147	43	42	48
AENJPLPP_03107	80	67	43	5	18	8
AENJPLPP_03108	39	35	42	12	11	20
AENJPLPP_03109	69	80	74	37	68	49
AENJPLPP_03110	1	1	6	8	28	10
AENJPLPP_03111	2	5	7	18	25	17
AENJPLPP_03112	22	19	20	14	21	21
AENJPLPP_03113	0	1	0	5	0	2
AENJPLPP_03114	3	3	7	5	6	7
AENJPLPP_03115	824	926	833	5169	5314	4514
AENJPLPP_03116	8	9	8	18	32	10
AENJPLPP_03117	20	16	18	64	53	38
AENJPLPP_03118	604	521	561	1092	1181	1084
AENJPLPP_03119	92	88	74	93	81	70
AENJPLPP_03120	1096	923	991	1122	1337	1320
AENJPLPP_03121	373	327	267	242	315	299
AENJPLPP_03122	13	16	13	7	15	19
AENJPLPP_03123	9	12	17	9	13	13
AENJPLPP_03124	1562	1674	1534	2310	2458	2116
AENJPLPP_03125	1501	1546	1444	3030	3427	3139
AENJPLPP_03126	3123	3587	2992	1349	1558	1449
AENJPLPP_03127	1	1	1	5	5	4
AENJPLPP_03128	2	7	8	26	21	24
AENJPLPP_03129	22	19	21	14	20	21
AENJPLPP_03130	0	1	0	5	0	2
AENJPLPP_03131	2	0	3	3	2	4
AENJPLPP_03132	14	20	24	69	111	99
AENJPLPP_03133	1498	1272	1238	9085	10902	9931
AENJPLPP_03134	34	42	40	180	233	145
AENJPLPP_03135	38	45	42	153	166	114
AENJPLPP_03136	187	188	157	305	504	438
AENJPLPP_03137	303	286	299	519	689	562
AENJPLPP_03138	46	49	43	120	173	131
AENJPLPP_03139	109	133	143	92	94	103
AENJPLPP_03140	16	17	31	17	33	32
AENJPLPP_03141	46	27	57	58	69	62
AENJPLPP_03142	31	58	37	28	61	62
AENJPLPP_03143	90	77	84	90	68	108
AENJPLPP_03144	33	27	39	37	45	32
AENJPLPP_03145	24	29	40	22	20	44
AENJPLPP_03146	35	29	38	34	47	40
AENJPLPP_03147	23	20	9	14	11	27
AENJPLPP_03148	23	18	32	20	40	31
AENJPLPP_03149	65	64	57	33	24	41
AENJPLPP_03150	3	3	9	6	7	5
AENJPLPP_03151	114	146	101	104	106	107
AENJPLPP_03152	70	86	71	82	75	81
AENJPLPP_03153	86	69	62	90	132	89
AENJPLPP_03154	1	2	2	3	3	3
AENJPLPP_03155	120	67	105	78	120	103
AENJPLPP_03156	794	756	741	834	873	898
AENJPLPP_03157	21	10	5	2	7	2
AENJPLPP_03158	39	36	35	21	15	11
AENJPLPP_03159	43	17	27	12	15	16
AENJPLPP_03160	49	62	36	32	50	24
AENJPLPP_03161	23	18	12	12	14	11
AENJPLPP_03162	10	24	13	15	26	33
AENJPLPP_03163	4	0	0	4	3	2
AENJPLPP_03164	107	88	88	57	61	86
AENJPLPP_03165	67	94	61	50	82	74
AENJPLPP_03166	226	192	173	252	242	221
AENJPLPP_03167	53	52	57	38	55	48
AENJPLPP_03168	33	41	19	62	83	54
AENJPLPP_03169	48	43	34	42	28	38
AENJPLPP_03170	0	0	0	0	0	0
AENJPLPP_03171	4	3	2	3	0	1
AENJPLPP_03172	14	10	13	15	8	12
AENJPLPP_03173	167	167	134	248	269	240
AENJPLPP_03174	345	529	611	509	752	574
AENJPLPP_03175	96	91	103	75	91	92
AENJPLPP_03176	597	656	588	495	585	520
AENJPLPP_03177	6	9	4	5	5	4
AENJPLPP_03178	423	591	451	336	402	356
AENJPLPP_03179	1437	1536	1206	1335	1493	1355
AENJPLPP_03180	374	338	361	245	363	306
AENJPLPP_03181	92	98	75	69	63	50
AENJPLPP_03182	9	14	11	4	3	2
AENJPLPP_03183	15	10	14	15	8	11
AENJPLPP_03184	172	164	133	248	241	237
AENJPLPP_03185	61	56	62	75	82	74
AENJPLPP_03186	95	89	103	73	87	84
AENJPLPP_03187	83	83	79	76	75	60
AENJPLPP_03188	2	6	3	5	4	4
AENJPLPP_03189	19	10	10	9	13	5
__no_feature	1970357	1998058	1891695	6740105	7217033	6706110
__ambiguous	1225400	1288368	1083893	651691	753282	691176
__too_low_aQual	0	0	0	0	0	0
__not_aligned	1425084	1105428	1098309	1590108	1471416	1616441
__alignment_not_unique	277714	278845	252269	767782	1269622	1409116
